Protein,Protein State,Deut Time,MS File,Start Idx,End Idx,z,maxD,#D left,#D right,Start RT,End RT,Confidence,Theor mono m/z,mono inty,m+1 inty,m+2 inty,...,,,,,,,,,,,,,,,,,,,,,,,,,,,
PROTEIN,apo_PROTEIN,0s,ELN66236_02_10_PROTEIN-ECD_apo_0_20220610_182354,1,13,3,10,0.0621,0,5.21,5.38,Medium,567.9706,573735.0784,594527,351328.6462,118988.9006,30559.7331,4261.3994,1512.7291,20807.8501,2519.6677,1485.5146,6665.3519,1113.5823,1131.7253,6420.4209,NaN,NaN,NaN,NaN,NaN,NaN,NaN,NaN,NaN,NaN,NaN,NaN,NaN,NaN,NaN,NaN,NaN
PROTEIN,apo_PROTEIN,15s,ELN66236_02_11_PROTEIN-ECD_apo_15_20220610_184553,1,13,3,10,2.3402,0,5.21,5.38,Medium,567.9706,19353.4632,88517.4681,188962.8383,210527,203996.3966,110605.2344,53243.2152,32771.2352,5662.6458,2302.5813,7345.8904,1444.8976,1036.9356,2585.2636,673.9458,4114.3178,NaN,NaN,NaN,NaN,NaN,NaN,NaN,NaN,NaN,NaN,NaN,NaN,NaN,NaN,NaN
PROTEIN,apo_PROTEIN,150s,ELN66236_02_12_PROTEIN-ECD_apo_150_20220610_191541,1,13,3,10,3.5132,0,5.21,5.38,Medium,567.9706,6077.2222,13718.7602,39430.6075,80191.1382,111311,88338.8283,61796.4159,38788.5757,13905.5948,4183.3981,6099.3027,1119.3095,599.5694,2418.6597,558.8055,1088.7366,NaN,NaN,NaN,NaN,NaN,NaN,NaN,NaN,NaN,NaN,NaN,NaN,NaN,NaN,NaN
PROTEIN,apo_PROTEIN,1500s,ELN66236_02_13_PROTEIN-ECD_apo_1500_20220610_195632,1,13,3,10,3.897,0,5.21,5.38,Medium,567.9706,4845.1758,7244.8244,16041.5413,38975.8388,65362,63267.5436,48663.1984,35993.7319,13254.9169,3908.6546,4406.3373,903.6083,909.5925,2517.3371,705.1337,637.3132,NaN,NaN,NaN,NaN,NaN,NaN,NaN,NaN,NaN,NaN,NaN,NaN,NaN,NaN,NaN
PROTEIN,mAb_1,0s,ELN66236_02_63_mAb_1_PROTEIN_ECD_0_20220613_164825,1,13,3,10,0.0063,0,5.27,5.38,Medium,567.9706,107201,104156.8089,55920.8573,17079.2041,8206.7203,1944.9453,775.3609,3745.9417,734.4663,258.4536,3775.3858,2769.3796,1518.0061,2247.565,NaN,NaN,NaN,NaN,NaN,NaN,NaN,NaN,NaN,NaN,NaN,NaN,NaN,NaN,NaN,NaN,NaN
PROTEIN,mAb_1,15s,ELN66236_02_06_mAb_1_PROTEIN_ECD_15_20220610_163142,1,13,3,10,2.2895,0,5.27,5.38,Medium,567.9706,23237.6509,106881.8224,185479.9548,187364,168726.5336,113400.2183,54986.2418,42735.6599,6718.6632,2024.2745,19406.6638,4380.0457,7633.5258,7061.7367,3874.0123,3325.0948,NaN,NaN,NaN,NaN,NaN,NaN,NaN,NaN,NaN,NaN,NaN,NaN,NaN,NaN,NaN
PROTEIN,mAb_1,150s,ELN66236_02_07_mAb_1_PROTEIN_ECD_150_20220610_165350,1,13,3,10,3.3849,0,5.27,5.38,Medium,567.9706,4366.5375,18459.5852,43871.8324,73951.8082,111119,104352.2347,69957.1955,41742.2766,14149.6084,5107.4737,10592.4363,1353.6229,2104.7322,4378.406,3528.9574,2406.5323,NaN,NaN,NaN,NaN,NaN,NaN,NaN,NaN,NaN,NaN,NaN,NaN,NaN,NaN,NaN
PROTEIN,mAb_1,1500s,ELN66236_02_09_mAb_1_PROTEIN_ECD_1500_20220610_175621,1,13,3,10,4.0937,0,5.27,5.38,Medium,567.9706,4171.8212,4676.1453,10254.4012,25734.165,45893.0279,54367,48330.0414,28211.8231,12090.8709,4736.6974,7451.5869,1252.8796,1057.1222,3665.0087,1951.3021,2126.3225,NaN,NaN,NaN,NaN,NaN,NaN,NaN,NaN,NaN,NaN,NaN,NaN,NaN,NaN,NaN
PROTEIN,mAb_2,0s,ELN66236_02_65_mAb_2_PROTEIN_ECD_0_20220613_173205,1,13,3,10,0.0138,0,5.26,5.37,Medium,567.9706,284224.0563,297964,145915.2919,47225.9414,11934.9279,1682.2565,832.035,5128.609,500.1303,536.5034,7947.5253,6756.3059,3259.9403,2314.2394,NaN,NaN,NaN,NaN,NaN,NaN,NaN,NaN,NaN,NaN,NaN,NaN,NaN,NaN,NaN,NaN,NaN
PROTEIN,mAb_2,15s,ELN66236_02_16_mAb_2_PROTEIN_ECD_15_20220610_210102,1,13,3,10,2.4211,0,5.26,5.37,Medium,567.9706,21654.2073,96540.6409,214617.8485,293778.5092,293931,156895.599,71115.0439,46496.7512,8652.1249,2521.0981,12527.185,4185.0417,5288.3574,9087.1721,4364.4426,4194.0117,NaN,NaN,NaN,NaN,NaN,NaN,NaN,NaN,NaN,NaN,NaN,NaN,NaN,NaN,NaN
PROTEIN,mAb_2,150s,ELN66236_02_18_mAb_2_PROTEIN_ECD_150_20220610_214348,1,13,3,10,3.424,0,5.26,5.37,Medium,567.9706,3845.6964,16734.2061,44860.7823,100873.4455,139473,113006.4367,74647.3713,50187.7209,14084.5703,4328.8027,7282.7742,1853.681,3228.5121,6246.3303,4650.1641,3545.6171,NaN,NaN,NaN,NaN,NaN,NaN,NaN,NaN,NaN,NaN,NaN,NaN,NaN,NaN,NaN
PROTEIN,mAb_2,1500s,ELN66236_02_20_mAb_2_PROTEIN_ECD_1500_20220610_224546,1,13,3,10,4.0972,0,5.26,5.37,Medium,567.9706,2422.8289,6061.9522,12896.1542,36383.3008,83623,73653.6907,62657.2095,44644.0596,17765.3318,5395.8854,8528.4407,785.7338,718.1063,3781.7582,2794.142,3235.6345,NaN,NaN,NaN,NaN,NaN,NaN,NaN,NaN,NaN,NaN,NaN,NaN,NaN,NaN,NaN
PROTEIN,mAb_3,0s,ELN66236_02_64_mAb_3_PROTEIN_ECD_0_20220613_171016,1,13,3,10,0.0268,0,5.24,5.35,Medium,567.9706,286625.763,319060,164293.8698,54542.2931,17137.2732,2400.192,705.9388,7633.8762,1163.5819,701.0703,10598.8193,10131.4391,3344.6894,2278.4784,NaN,NaN,NaN,NaN,NaN,NaN,NaN,NaN,NaN,NaN,NaN,NaN,NaN,NaN,NaN,NaN,NaN
PROTEIN,mAb_3,15s,ELN66236_02_28_mAb_3_PROTEIN_ECD_15_20220611_023911,1,13,3,10,2.4316,0,5.24,5.35,Medium,567.9706,23996.164,124107.0054,276677.9742,368147.789,372582,215025.3862,93152.8014,50538.8965,9198.4059,2603.9382,15440.4107,4178.6516,5958.0209,6219.5257,3570.3688,6122.8826,NaN,NaN,NaN,NaN,NaN,NaN,NaN,NaN,NaN,NaN,NaN,NaN,NaN,NaN,NaN
PROTEIN,mAb_3,150s,ELN66236_02_30_mAb_3_PROTEIN_ECD_150_20220611_032243,1,13,3,10,3.3228,0,5.24,5.35,Medium,567.9706,4903.7617,27355.1003,70432.1846,145051.1394,188707,158708.5331,95935.7766,60604.5049,15082.7385,4889.3642,13372.3248,1920.616,3170.3122,6930.9186,4826.0156,4178.1316,NaN,NaN,NaN,NaN,NaN,NaN,NaN,NaN,NaN,NaN,NaN,NaN,NaN,NaN,NaN
PROTEIN,mAb_3,1500s,ELN66236_02_32_mAb_3_PROTEIN_ECD_1500_20220611_042454,1,13,3,10,4.0804,0,5.24,5.35,Medium,567.9706,1651.3527,7230.5658,17423.4562,50138.7755,110430,108576.4408,86647.1508,63526.5278,19244.9993,7223.8256,12828.3145,952.0554,1019.4575,5990.3662,3688.5827,5112.4532,NaN,NaN,NaN,NaN,NaN,NaN,NaN,NaN,NaN,NaN,NaN,NaN,NaN,NaN,NaN
PROTEIN,mAb_4,0s,ELN66236_02_68_mAb_4_PROTEIN_ECD_0_20220613_183721,1,13,3,10,0.0108,0,5.26,5.38,Medium,567.9706,347529.2825,362134,177588.5022,48908.9499,9896.7268,1536.1754,602.3134,9117.5875,790.1909,585.7359,6503.8791,4542.2163,1856.6724,2807.1118,NaN,NaN,NaN,NaN,NaN,NaN,NaN,NaN,NaN,NaN,NaN,NaN,NaN,NaN,NaN,NaN,NaN
PROTEIN,mAb_4,15s,ELN66236_02_53_mAb_4_PROTEIN_ECD_15_20220611_212338,1,13,3,10,2.4224,0,5.26,5.38,Medium,567.9706,14402.1584,90570.4841,219199.9849,307962,295889.9148,173110.8407,73240.0636,34641.3452,6136.3749,2198.4974,9886.2869,1719.1853,2217.2939,4454.0836,1592.3086,2804.6862,NaN,NaN,NaN,NaN,NaN,NaN,NaN,NaN,NaN,NaN,NaN,NaN,NaN,NaN,NaN
PROTEIN,mAb_4,150s,ELN66236_02_56_mAb_4_PROTEIN_ECD_150_20220611_222847,1,13,3,10,3.2369,0,5.26,5.38,Medium,567.9706,2436.8352,20743.33,64921.8124,134580.6013,172274,137795.5414,76091.2978,47164.7228,11469.1609,3159.7368,8064.952,1006.8046,1543.0661,3254.3711,1771.7659,1989.9507,NaN,NaN,NaN,NaN,NaN,NaN,NaN,NaN,NaN,NaN,NaN,NaN,NaN,NaN,NaN
PROTEIN,mAb_4,1500s,ELN66236_02_59_mAb_4_PROTEIN_ECD_1500_20220611_235156,1,13,3,10,4.0602,0,5.26,5.38,Medium,567.9706,778.8473,5084.0018,10962.0233,39297.6526,78830.4765,82860,67695.2355,46145.4401,14073.6196,4479.6365,8634.3319,475.4003,565.1701,3557.9162,1221.3742,1876.314,NaN,NaN,NaN,NaN,NaN,NaN,NaN,NaN,NaN,NaN,NaN,NaN,NaN,NaN,NaN
PROTEIN,mAb_5,0s,ELN66236_02_66_mAb_5_PROTEIN_ECD_0_20220613_175352,1,13,3,10,0.0001,0,5.26,5.37,Medium,567.9706,242761.9261,248565,108286.1181,29220.184,7555.3747,1407.1506,413.4216,3550.1158,796.5003,307.2216,5260.6951,4528.6734,1756.0936,1653.6864,NaN,NaN,NaN,NaN,NaN,NaN,NaN,NaN,NaN,NaN,NaN,NaN,NaN,NaN,NaN,NaN,NaN
PROTEIN,mAb_5,15s,ELN66236_02_51_mAb_5_PROTEIN_ECD_15_20220611_203241,1,13,3,10,2.228,0,5.26,5.37,Medium,567.9706,16573.0916,94772.7858,206126.5422,260559,228414.7869,121470.1749,46713.5096,23649.987,4208.4036,1572.4589,5313.6715,2840.7339,3874.4378,4598.0304,2467.0103,2538.5744,NaN,NaN,NaN,NaN,NaN,NaN,NaN,NaN,NaN,NaN,NaN,NaN,NaN,NaN,NaN
PROTEIN,mAb_5,150s,ELN66236_02_54_mAb_5_PROTEIN_ECD_150_20220611_214542,1,13,3,10,3.2177,0,5.26,5.37,Medium,567.9706,2669.1195,20065.1794,63073.9522,129504.002,161366,128634.8146,70559.3057,38921.3758,9575.8354,2336.7107,4171.1147,898.7349,1563.5525,2454.9005,2001.8396,1831.9418,NaN,NaN,NaN,NaN,NaN,NaN,NaN,NaN,NaN,NaN,NaN,NaN,NaN,NaN,NaN
PROTEIN,mAb_5,1500s,ELN66236_02_57_mAb_5_PROTEIN_ECD_1500_20220611_230941,1,13,3,10,3.8329,0,5.26,5.37,Medium,567.9706,1089.6404,4375.6501,12539.9115,36195.3614,65876,64205.3521,44927.5627,25825.6839,8962.3929,2188.3276,2913.0792,654.3874,719.7256,1677.6844,1241.4261,1935.0164,NaN,NaN,NaN,NaN,NaN,NaN,NaN,NaN,NaN,NaN,NaN,NaN,NaN,NaN,NaN
PROTEIN,mAb_6,0s,ELN66236_02_67_mAb_6_PROTEIN_ECD_0_20220613_181538,1,13,3,10,0.0036,0,5.24,5.39,Medium,567.9706,93120,90775.4818,40429.4401,12350.6377,4940.5393,964.8048,524.3195,5571.4278,1449.3385,625.2049,8848.0696,7752.5402,3590.6651,3482.6752,NaN,NaN,NaN,NaN,NaN,NaN,NaN,NaN,NaN,NaN,NaN,NaN,NaN,NaN,NaN,NaN,NaN
PROTEIN,mAb_6,15s,ELN66236_02_52_mAb_6_PROTEIN_ECD_15_20220611_210144,1,13,3,10,2.3316,0,5.24,5.39,Medium,567.9706,10062.084,58663.5102,123152.2396,167778,150910.2203,86339.5713,35974.3114,23765.715,3641.627,1596.1943,6590.7365,3403.5479,6488.3368,8334.0902,4527.3838,2878.7497,NaN,NaN,NaN,NaN,NaN,NaN,NaN,NaN,NaN,NaN,NaN,NaN,NaN,NaN,NaN
PROTEIN,mAb_6,150s,ELN66236_02_55_mAb_6_PROTEIN_ECD_150_20220611_220720,1,13,3,10,3.312,0,5.24,5.39,Medium,567.9706,2082.6665,13013.4101,27771.9989,62592.4767,88150,71841.9814,43660.3802,27972.4026,7158.6633,2499.6137,6868.1452,1381.926,2444.4691,4799.5487,3852.6749,3119.6547,NaN,NaN,NaN,NaN,NaN,NaN,NaN,NaN,NaN,NaN,NaN,NaN,NaN,NaN,NaN
PROTEIN,mAb_6,1500s,ELN66236_02_58_mAb_6_PROTEIN_ECD_1500_20220611_233054,1,13,3,10,3.8698,0,5.24,5.39,Medium,567.9706,1223.8325,4841.9042,5484.1587,13224.0311,25009,23416.9111,16645.1905,11283.148,4169.8839,1945.8441,4643.8471,628.898,760.9361,2923.1547,2910.943,3586.0162,NaN,NaN,NaN,NaN,NaN,NaN,NaN,NaN,NaN,NaN,NaN,NaN,NaN,NaN,NaN
PROTEIN,apo_PROTEIN,0s,ELN66236_02_10_PROTEIN-ECD_apo_0_20220610_182354,1,16,3,13,0.0508,0,5.08,5.38,Medium,682.0378,672879.676,918635,650117.805,281624.9784,67461.5616,11622.0948,2693.9471,2623.8675,3156.4728,2035.1984,1937.0869,2175.3577,1516.609,843.8443,1082.1151,NaN,NaN,NaN,NaN,NaN,NaN,NaN,NaN,NaN,NaN,NaN,NaN,NaN,NaN,NaN,NaN
PROTEIN,apo_PROTEIN,15s,ELN66236_02_11_PROTEIN-ECD_apo_15_20220610_184553,1,16,3,13,3.2521,0,5.08,5.38,Medium,682.0378,8334.8103,48136.738,173306.5287,259796.3253,389068,344036.3187,231955.7525,133445.2395,57397.1417,17239.0447,5960.3478,2523.3133,1169.8697,1241.1036,1318.2736,997.7212,1555.7198,1704.1238,1021.4658,1110.5081,NaN,NaN,NaN,NaN,NaN,NaN,NaN,NaN,NaN,NaN,NaN
PROTEIN,apo_PROTEIN,150s,ELN66236_02_12_PROTEIN-ECD_apo_150_20220610_191541,1,16,3,13,4.8229,0,5.08,5.38,Medium,682.0378,1538.0762,4476.8772,16128.6448,52142.6461,127252.4347,199393,183619.0013,183552.0721,114855.319,49985.7,21409.9682,7333.5377,2374.6914,1422.4712,1346.4153,795.7704,874.8686,1541.1185,1455.9359,652.7853,NaN,NaN,NaN,NaN,NaN,NaN,NaN,NaN,NaN,NaN,NaN
PROTEIN,apo_PROTEIN,1500s,ELN66236_02_13_PROTEIN-ECD_apo_1500_20220610_195632,1,16,3,13,5.3575,0,5.08,5.38,Medium,682.0378,1064.7393,2848.1105,6037.2514,18309.3019,52677.8677,113717.3868,132253.9837,149080,107755.3767,56942.9455,24698.9572,10243.1868,3341.7222,1153.4529,1023.7946,978.3004,1023.7946,862.2903,866.8397,764.4778,NaN,NaN,NaN,NaN,NaN,NaN,NaN,NaN,NaN,NaN,NaN
PROTEIN,mAb_1,0s,ELN66236_02_63_mAb_1_PROTEIN_ECD_0_20220613_164825,1,16,3,13,0.0118,0,4.98,5.26,High,682.0378,301160.2505,412786,227477.9338,63969.705,16697.8818,3810.7199,988.8976,818.8324,459.8059,277.1433,472.4033,522.793,264.5458,340.1304,554.2865,NaN,NaN,NaN,NaN,NaN,NaN,NaN,NaN,NaN,NaN,NaN,NaN,NaN,NaN,NaN,NaN
PROTEIN,mAb_1,15s,ELN66236_02_06_mAb_1_PROTEIN_ECD_15_20220610_163142,1,16,3,13,3.234,0,4.98,5.26,High,682.0378,21917.7107,141723.3854,462757.4539,767821.2417,936152,734966.4602,637416.3288,362007.5524,143266.1317,44373.2396,13804.0082,3790.4422,1462.0381,1819.1553,1347.7606,1190.6291,1276.3372,1104.9209,1190.6291,1590.6003,NaN,NaN,NaN,NaN,NaN,NaN,NaN,NaN,NaN,NaN,NaN
PROTEIN,mAb_1,150s,ELN66236_02_07_mAb_1_PROTEIN_ECD_150_20220610_165350,1,16,3,13,4.9266,0,4.98,5.26,High,682.0378,3839.7387,9490.8788,34795.2644,106447.8756,283186.5452,388257.81,484771,421210.4665,249642.1463,134777.5444,53982.5126,14897.9253,4623.7974,2086.7017,1243.4688,895.8201,636.9328,777.4716,725.6941,858.8362,NaN,NaN,NaN,NaN,NaN,NaN,NaN,NaN,NaN,NaN,NaN
PROTEIN,mAb_1,1500s,ELN66236_02_09_mAb_1_PROTEIN_ECD_1500_20220610_175621,1,16,3,13,5.6542,0,4.98,5.26,High,682.0378,1369.5685,2867.9943,5272.1024,18124.6929,66173.7213,141481.5809,209558.7079,241276,182881.5751,101881.9066,44853.3686,17366.2759,5566.6333,1785.5933,787.8701,743.6904,725.2822,600.1066,504.3841,331.3472,NaN,NaN,NaN,NaN,NaN,NaN,NaN,NaN,NaN,NaN,NaN
PROTEIN,mAb_2,0s,ELN66236_02_65_mAb_2_PROTEIN_ECD_0_20220613_173205,1,16,3,13,0.0012,0,5.09,5.39,Medium,682.0378,468320.8726,620831,411560.5817,125656.1925,25065.8172,6186.7685,1658.8281,2748.1861,1639.8827,1175.7214,938.9045,1118.8854,919.9591,4936.3749,5561.5717,NaN,NaN,NaN,NaN,NaN,NaN,NaN,NaN,NaN,NaN,NaN,NaN,NaN,NaN,NaN,NaN
PROTEIN,mAb_2,15s,ELN66236_02_16_mAb_2_PROTEIN_ECD_15_20220610_210102,1,16,3,13,3.4772,0,5.09,5.39,Medium,682.0378,6169.9221,42184.7945,178113.4909,384520.065,467231.2776,541011,376339.7444,194226.4936,84357.6074,30223.8616,10511.8481,3627.5016,2612.1843,3074.4426,2158.1807,5484.7893,5773.7008,8217.0659,6772.5088,2669.9666,NaN,NaN,NaN,NaN,NaN,NaN,NaN,NaN,NaN,NaN,NaN
PROTEIN,mAb_2,150s,ELN66236_02_18_mAb_2_PROTEIN_ECD_150_20220610_214348,1,16,3,13,4.8698,0,5.09,5.39,Medium,682.0378,2585.1412,4717.9063,17957.8246,72547.0261,159447.2198,261784,257550.4213,231561.8396,149686.0252,66228.6096,25126.9508,6371.3983,2960.5717,1578.6677,2253.644,2445.3532,3447.8327,5944.0465,6587.0712,4078.8755,NaN,NaN,NaN,NaN,NaN,NaN,NaN,NaN,NaN,NaN,NaN
PROTEIN,mAb_2,1500s,ELN66236_02_20_mAb_2_PROTEIN_ECD_1500_20220610_224546,1,16,3,13,5.6835,0,5.09,5.39,Medium,682.0378,2039.0142,2743.6822,3751.8996,15603.8739,46571.324,114344.1279,162234.452,177645,150826.9606,83501.3499,31158.0658,14083.4171,4516.1934,1889.9498,1664.9981,1608.0826,1776.1188,3009.2879,3749.1893,4814.3221,NaN,NaN,NaN,NaN,NaN,NaN,NaN,NaN,NaN,NaN,NaN
PROTEIN,mAb_3,0s,ELN66236_02_64_mAb_3_PROTEIN_ECD_0_20220613_171016,1,16,3,13,0.0055,0,5.07,5.35,Medium,682.0378,684933,664166.2349,489158.947,179329.6815,35331.4484,6381.3028,1897.6882,2242.5816,1343.7685,988.4237,883.9106,852.5566,873.4592,1145.1935,768.9461,NaN,NaN,NaN,NaN,NaN,NaN,NaN,NaN,NaN,NaN,NaN,NaN,NaN,NaN,NaN,NaN
PROTEIN,mAb_3,15s,ELN66236_02_28_mAb_3_PROTEIN_ECD_15_20220611_023911,1,16,3,13,3.3805,0,5.07,5.35,Medium,682.0378,10325.8521,90534.9261,334801.9767,702730.2179,789886.8482,870614,612797.2218,306653.0817,145065.9377,42247.4163,10923.6342,4454.3035,2820.3658,2275.7198,1638.0856,1438.8249,2182.7315,2089.7432,1863.9144,2049.8911,NaN,NaN,NaN,NaN,NaN,NaN,NaN,NaN,NaN,NaN,NaN
PROTEIN,mAb_3,150s,ELN66236_02_30_mAb_3_PROTEIN_ECD_150_20220611_032243,1,16,3,13,4.668,0,5.07,5.35,Medium,682.0378,1890.0776,8277.9982,37566.0112,143716.6445,249954.3249,438860,423452.6571,311396.2105,236073.6548,104485.1703,37057.1202,9643.9686,3523.8854,1387.8826,1401.2745,1213.7884,1381.1867,1803.0305,899.0795,818.7283,NaN,NaN,NaN,NaN,NaN,NaN,NaN,NaN,NaN,NaN,NaN
PROTEIN,mAb_3,1500s,ELN66236_02_32_mAb_3_PROTEIN_ECD_1500_20220611_042454,1,16,3,13,5.6067,0,5.07,5.35,Medium,682.0378,1582.0231,2929.5065,5726.491,25488.1638,81997.4515,181379.665,278577,241327.7983,226479.9765,127612.1022,48318.8682,16791.1574,5071.8776,2096.3622,1790.3092,872.1502,1237.7135,748.8788,1169.7017,1450.2503,NaN,NaN,NaN,NaN,NaN,NaN,NaN,NaN,NaN,NaN,NaN
PROTEIN,mAb_4,0s,ELN66236_02_68_mAb_4_PROTEIN_ECD_0_20220613_183721,1,16,3,13,0.023,0,5.01,5.27,High,682.0378,1069341,1051963.291,847232.6656,329964.3504,71012.0093,11617.7736,2480.1989,1272.7336,962.7088,407.9274,391.6103,603.7326,620.0497,522.1471,913.7575,NaN,NaN,NaN,NaN,NaN,NaN,NaN,NaN,NaN,NaN,NaN,NaN,NaN,NaN,NaN,NaN
PROTEIN,mAb_4,15s,ELN66236_02_53_mAb_4_PROTEIN_ECD_15_20220611_212338,1,16,3,13,3.4639,0,5.01,5.27,Medium,682.0378,10169.1662,88971.1786,383450.1846,790324.9123,872307.4878,1037048,788742.5426,429069.9038,214104.9765,76897.6976,19916.5638,4520.1063,1972.4911,817.3612,849.0086,833.1849,975.5981,880.656,1054.7166,1102.1877,NaN,NaN,NaN,NaN,NaN,NaN,NaN,NaN,NaN,NaN,NaN
PROTEIN,mAb_4,150s,ELN66236_02_56_mAb_4_PROTEIN_ECD_150_20220611_222847,1,16,3,13,4.7033,0,5.01,5.27,High,682.0378,3277.5173,10751.0301,51647.4847,206270.8885,359879.132,633605,606708.0883,511882.4556,351796.523,159979.5824,51096.3977,17924.829,5307.8377,1846.6248,957.1511,1024.8284,763.7872,667.1053,647.7689,802.46,NaN,NaN,NaN,NaN,NaN,NaN,NaN,NaN,NaN,NaN,NaN
PROTEIN,mAb_4,1500s,ELN66236_02_59_mAb_4_PROTEIN_ECD_1500_20220611_235156,1,16,3,13,5.6814,0,5.01,5.27,High,682.0378,1995.8943,4385.0366,7997.8859,36819.1,117974.1846,278029.2365,381887,380774.0093,345583.6915,197689.9566,76939.2089,26907.0731,7607.4651,2106.6107,1255.8429,894.558,778.0145,579.8905,399.248,469.1741,NaN,NaN,NaN,NaN,NaN,NaN,NaN,NaN,NaN,NaN,NaN
PROTEIN,mAb_5,0s,ELN66236_02_66_mAb_5_PROTEIN_ECD_0_20220613_175352,1,16,3,13,0.0171,0,5.01,5.24,High,682.0378,771418.3923,870150,500703.122,191907.9363,45961.4823,7708.9592,1999.6274,1110.0338,578.9332,539.1006,419.603,459.4355,419.603,379.7704,857.761,NaN,NaN,NaN,NaN,NaN,NaN,NaN,NaN,NaN,NaN,NaN,NaN,NaN,NaN,NaN,NaN
PROTEIN,mAb_5,15s,ELN66236_02_51_mAb_5_PROTEIN_ECD_15_20220611_203241,1,16,3,13,3.1943,0,5.01,5.24,High,682.0378,13817.6762,115823.183,397782.2747,689798.7778,773108.2975,822868,558537.6296,287389.3136,130375.6673,40712.7766,10327.0889,2906.452,1600.6208,1161.1584,633.8035,671.4717,646.3595,847.2566,1023.0416,960.2613,NaN,NaN,NaN,NaN,NaN,NaN,NaN,NaN,NaN,NaN,NaN
PROTEIN,mAb_5,150s,ELN66236_02_54_mAb_5_PROTEIN_ECD_150_20220611_214542,1,16,3,13,4.6018,0,5.01,5.24,High,682.0378,2515.1971,10138.1698,48585.551,188858.2234,328956.3239,544802,525973.1744,374802.2281,263832.6949,120650.4909,39807.0786,10853.0833,3728.8874,1293.1939,1010.5537,569.9675,412.0215,736.2264,686.3487,603.2193,NaN,NaN,NaN,NaN,NaN,NaN,NaN,NaN,NaN,NaN,NaN
PROTEIN,mAb_5,1500s,ELN66236_02_57_mAb_5_PROTEIN_ECD_1500_20220611_230941,1,16,3,13,5.3409,0,5.01,5.24,High,682.0378,1626.4954,2930.6677,8508.8646,33695.4071,96918.0218,210381.0163,299893,233824.0863,193435.9278,105081.6831,40568.6242,13318.2861,4285.1766,1406.8453,738.743,839.4159,390.9637,500.7887,349.7793,802.8076,NaN,NaN,NaN,NaN,NaN,NaN,NaN,NaN,NaN,NaN,NaN
PROTEIN,mAb_6,0s,ELN66236_02_67_mAb_6_PROTEIN_ECD_0_20220613_181538,1,16,3,13,0.0036,0,5.05,5.24,High,682.0378,241861.5645,280642,130175.1093,45758.289,10557.8495,2490.0116,777.0948,648.6261,528.7219,468.7698,545.8511,567.2625,460.2052,408.8177,464.4875,NaN,NaN,NaN,NaN,NaN,NaN,NaN,NaN,NaN,NaN,NaN,NaN,NaN,NaN,NaN,NaN
PROTEIN,mAb_6,15s,ELN66236_02_52_mAb_6_PROTEIN_ECD_15_20220611_210144,1,16,3,13,3.3382,0,5.05,5.24,High,682.0378,5656.3432,35845.0886,137459.1459,312911.7314,334047.9733,385732,269579.7869,130137.095,57487.5173,15856.5958,6086.0134,1977.6601,1024.1454,1112.4338,682.7636,565.0457,806.3673,612.1329,800.4815,753.3943,NaN,NaN,NaN,NaN,NaN,NaN,NaN,NaN,NaN,NaN,NaN
PROTEIN,mAb_6,150s,ELN66236_02_55_mAb_6_PROTEIN_ECD_150_20220611_220720,1,16,3,13,4.8019,0,5.05,5.24,High,682.0378,1713.6503,3700.6664,14171.3773,54537.1774,124984.6734,204879.9989,226478,157043.0183,114880.2646,52588.1738,16866.8079,5860.4665,1938.2695,1043.2484,773.7053,514.5293,673.4906,597.4656,466.1498,718.4144,NaN,NaN,NaN,NaN,NaN,NaN,NaN,NaN,NaN,NaN,NaN
PROTEIN,mAb_6,1500s,ELN66236_02_58_mAb_6_PROTEIN_ECD_1500_20220611_233054,1,16,3,13,5.4416,0,5.05,5.24,Medium,682.0378,1266.0691,2116.1441,3538.211,8613.7917,27004.5762,50495.8105,74082,67306.2694,53515.1593,27221.6166,9965.7727,4034.4649,1661.7157,692.9468,593.4699,419.3854,352.6907,620.6,460.0805,516.6014,NaN,NaN,NaN,NaN,NaN,NaN,NaN,NaN,NaN,NaN,NaN
PROTEIN,apo_PROTEIN,0s,ELN66236_02_10_PROTEIN-ECD_apo_0_20220610_182354,3,13,2,8,0.054,0,4.25,4.56,High,691.87,861160,631978.8462,327621.6486,71463.3198,16010.9679,8849.4675,5853.4636,2765.4772,2712.9158,5051.9012,4132.0755,2463.2488,NaN,NaN,NaN,NaN,NaN,NaN,NaN,NaN,NaN,NaN,NaN,NaN,NaN,NaN,NaN,NaN,NaN,NaN,NaN
PROTEIN,apo_PROTEIN,15s,ELN66236_02_11_PROTEIN-ECD_apo_15_20220610_184553,3,13,2,8,2.0126,0,4.25,4.56,High,691.87,46649.2869,160353.1486,301660.0196,329862,204123.347,98216.1777,34760.4634,12115.3252,5818.5774,5340.4071,5028.3381,3447.8595,2108.9827,1726.4464,NaN,NaN,NaN,NaN,NaN,NaN,NaN,NaN,NaN,NaN,NaN,NaN,NaN,NaN,NaN,NaN,NaN
PROTEIN,apo_PROTEIN,150s,ELN66236_02_12_PROTEIN-ECD_apo_150_20220610_191541,3,13,2,8,2.7284,0,4.25,4.56,Medium,691.87,9520.2717,44745.8332,119681.8272,182217,168951.4578,94148.9256,48577.2977,14956.0577,6233.7761,4156.7775,3834.245,3111.3271,2630.3087,1573.7365,NaN,NaN,NaN,NaN,NaN,NaN,NaN,NaN,NaN,NaN,NaN,NaN,NaN,NaN,NaN,NaN,NaN
PROTEIN,apo_PROTEIN,1500s,ELN66236_02_13_PROTEIN-ECD_apo_1500_20220610_195632,3,13,2,8,3.0318,0,4.25,4.56,Medium,691.87,4794.9846,20689.5012,59864.9079,109073,101889.6771,83267.2952,41234.2042,14697.851,4713.4315,2699.5713,2932.5799,2394.9958,1905.6777,1647.7038,NaN,NaN,NaN,NaN,NaN,NaN,NaN,NaN,NaN,NaN,NaN,NaN,NaN,NaN,NaN,NaN,NaN
PROTEIN,mAb_1,0s,ELN66236_02_63_mAb_1_PROTEIN_ECD_0_20220613_164825,3,13,2,8,0.0017,0,4.23,4.37,High,691.87,183492,130083.7464,48278.8213,11342.4291,2321.1241,1016.3668,498.3837,372.3878,403.1868,629.9794,747.5756,464.7848,NaN,NaN,NaN,NaN,NaN,NaN,NaN,NaN,NaN,NaN,NaN,NaN,NaN,NaN,NaN,NaN,NaN,NaN,NaN
PROTEIN,mAb_1,15s,ELN66236_02_06_mAb_1_PROTEIN_ECD_15_20220610_163142,3,13,2,8,1.9639,0,4.23,4.37,High,691.87,92777.4215,313158.7289,441803.5663,457844,349144.911,155346.2911,60528.884,15935.6399,5295.5787,4114.9022,3765.5896,3353.4008,2026.013,1529.9891,NaN,NaN,NaN,NaN,NaN,NaN,NaN,NaN,NaN,NaN,NaN,NaN,NaN,NaN,NaN,NaN,NaN
PROTEIN,mAb_1,150s,ELN66236_02_07_mAb_1_PROTEIN_ECD_150_20220610_165350,3,13,2,8,2.81,0,4.23,4.37,High,691.87,12518.141,55259.1436,135951.1494,225999,225688.6329,132609.53,66946.1904,20501.4733,7804.0091,3496.803,1827.7176,1775.9897,1410.4462,1000.0719,NaN,NaN,NaN,NaN,NaN,NaN,NaN,NaN,NaN,NaN,NaN,NaN,NaN,NaN,NaN,NaN,NaN
PROTEIN,mAb_1,1500s,ELN66236_02_09_mAb_1_PROTEIN_ECD_1500_20220610_175621,3,13,2,8,3.2532,0,4.23,4.37,Medium,691.87,2642.1331,13017.8222,50018.4991,108541.9272,118112,85898.1618,50461.8584,18574.2317,5547.3981,2618.7035,1571.5826,1340.8916,1400.3666,1036.3073,NaN,NaN,NaN,NaN,NaN,NaN,NaN,NaN,NaN,NaN,NaN,NaN,NaN,NaN,NaN,NaN,NaN
PROTEIN,mAb_2,0s,ELN66236_02_65_mAb_2_PROTEIN_ECD_0_20220613_173205,3,13,2,8,0.0011,0,4.22,4.4,High,691.87,498288,378093.6504,145893.7994,33333.2508,5824.1948,1771.5893,1148.1115,714.7184,1011.2505,1368.6098,1193.7318,950.4234,NaN,NaN,NaN,NaN,NaN,NaN,NaN,NaN,NaN,NaN,NaN,NaN,NaN,NaN,NaN,NaN,NaN,NaN,NaN
PROTEIN,mAb_2,15s,ELN66236_02_16_mAb_2_PROTEIN_ECD_15_20220610_210102,3,13,2,8,2.2092,0,4.22,4.4,High,691.87,70068.6329,341074.6056,624121.3362,685570,488953.106,279803.781,108513.277,28747.1788,8839.6529,5178.2582,4812.1187,4058.9175,2845.4267,3023.2659,NaN,NaN,NaN,NaN,NaN,NaN,NaN,NaN,NaN,NaN,NaN,NaN,NaN,NaN,NaN,NaN,NaN
PROTEIN,mAb_2,150s,ELN66236_02_18_mAb_2_PROTEIN_ECD_150_20220610_214348,3,13,2,8,2.8005,0,4.22,4.4,High,691.87,9705.6413,57326.6672,172261.2672,259616,226434.5913,161295.8733,78988.0739,23107.3492,7637.7454,3723.7971,2551.1971,2048.0884,1659.8627,1469.7114,NaN,NaN,NaN,NaN,NaN,NaN,NaN,NaN,NaN,NaN,NaN,NaN,NaN,NaN,NaN,NaN,NaN
PROTEIN,mAb_2,1500s,ELN66236_02_20_mAb_2_PROTEIN_ECD_1500_20220610_224546,3,13,2,8,3.3329,0,4.22,4.4,Medium,691.87,3620.9628,19815.0841,80796.9072,169952.7602,175129,172635.7467,92816.9002,32185.148,10178.7802,4077.9256,2308.8648,1384.25,1670.1858,1122.3648,NaN,NaN,NaN,NaN,NaN,NaN,NaN,NaN,NaN,NaN,NaN,NaN,NaN,NaN,NaN,NaN,NaN
PROTEIN,mAb_3,0s,ELN66236_02_64_mAb_3_PROTEIN_ECD_0_20220613_171016,3,13,2,8,0.0094,0,4.17,4.42,High,691.87,574595,502243.4636,208558.6521,46074.5666,8110.1759,2262.0815,561.1365,657.5818,745.2594,1122.273,920.6146,938.1501,NaN,NaN,NaN,NaN,NaN,NaN,NaN,NaN,NaN,NaN,NaN,NaN,NaN,NaN,NaN,NaN,NaN,NaN,NaN
PROTEIN,mAb_3,15s,ELN66236_02_28_mAb_3_PROTEIN_ECD_15_20220611_023911,3,13,2,8,2.1392,0,4.17,4.42,High,691.87,91014.6557,457840.4387,853295.1833,859459,552776.331,333869.0352,109807.7395,29048.6257,8432.6259,3278.6259,3304.8549,2740.9313,2386.8397,2229.4656,NaN,NaN,NaN,NaN,NaN,NaN,NaN,NaN,NaN,NaN,NaN,NaN,NaN,NaN,NaN,NaN,NaN
PROTEIN,mAb_3,150s,ELN66236_02_30_mAb_3_PROTEIN_ECD_150_20220611_032243,3,13,2,8,2.7124,0,4.17,4.42,High,691.87,21453.5796,132692.6145,337081.4467,441848,394275.2604,299338.7885,122201.8006,38362.9377,11468.4283,3728.4191,2224.9155,1840.6119,1200.106,1267.5276,NaN,NaN,NaN,NaN,NaN,NaN,NaN,NaN,NaN,NaN,NaN,NaN,NaN,NaN,NaN,NaN,NaN
PROTEIN,mAb_3,1500s,ELN66236_02_32_mAb_3_PROTEIN_ECD_1500_20220611_042454,3,13,2,8,3.3267,0,4.17,4.42,High,691.87,4206.3464,31789.2934,117052.6136,218110.9341,277886,252741.2074,128136.6756,46401.2588,13772.3923,4193.6256,1734.2698,1356.8859,1093.9893,886.2161,NaN,NaN,NaN,NaN,NaN,NaN,NaN,NaN,NaN,NaN,NaN,NaN,NaN,NaN,NaN,NaN,NaN
PROTEIN,mAb_4,0s,ELN66236_02_68_mAb_4_PROTEIN_ECD_0_20220613_183721,3,13,2,8,0.0032,0,4.22,4.4,High,691.87,641337,583500.7038,236933.0908,48598.1467,7662.5753,1135.1963,381.6608,303.3714,264.2267,645.8876,606.7429,411.0194,NaN,NaN,NaN,NaN,NaN,NaN,NaN,NaN,NaN,NaN,NaN,NaN,NaN,NaN,NaN,NaN,NaN,NaN,NaN
PROTEIN,mAb_4,15s,ELN66236_02_53_mAb_4_PROTEIN_ECD_15_20220611_212338,3,13,2,8,2.1972,0,4.22,4.4,High,691.87,60541.2682,306862.7934,576326.919,616274,409288.3127,260963.146,87981.377,22681.8172,5115.6337,1589.2318,1927.7664,1476.3869,1072.0262,742.8953,NaN,NaN,NaN,NaN,NaN,NaN,NaN,NaN,NaN,NaN,NaN,NaN,NaN,NaN,NaN,NaN,NaN
PROTEIN,mAb_4,150s,ELN66236_02_56_mAb_4_PROTEIN_ECD_150_20220611_222847,3,13,2,8,2.7091,0,4.22,4.4,High,691.87,14349.0597,94055.7717,265443.9899,356875,287193.5702,219053.2349,95787.4609,25599.5937,7602.0066,1954.9573,947.528,931.1913,1023.7659,364.8528,NaN,NaN,NaN,NaN,NaN,NaN,NaN,NaN,NaN,NaN,NaN,NaN,NaN,NaN,NaN,NaN,NaN
PROTEIN,mAb_4,1500s,ELN66236_02_59_mAb_4_PROTEIN_ECD_1500_20220611_235156,3,13,2,8,3.2931,0,4.22,4.4,High,691.87,2723.6492,23072.6395,90066.5711,175561.0693,214022,180250.7098,94697.4278,33095.2765,10055.2947,2272.9734,1022.1849,607.4325,604.1668,587.8379,NaN,NaN,NaN,NaN,NaN,NaN,NaN,NaN,NaN,NaN,NaN,NaN,NaN,NaN,NaN,NaN,NaN
PROTEIN,mAb_5,0s,ELN66236_02_66_mAb_5_PROTEIN_ECD_0_20220613_175352,3,13,2,8,0.0096,0,4.22,4.4,High,691.87,450918,387086.974,120781.4843,30597.8843,5600.7821,2284.3485,949.5183,770.6236,619.2511,1025.2046,784.3847,860.071,NaN,NaN,NaN,NaN,NaN,NaN,NaN,NaN,NaN,NaN,NaN,NaN,NaN,NaN,NaN,NaN,NaN,NaN,NaN
PROTEIN,mAb_5,15s,ELN66236_02_51_mAb_5_PROTEIN_ECD_15_20220611_203241,3,13,2,8,2.0161,0,4.22,4.4,High,691.87,62720.9613,278016.5972,474425,457738.5023,294876.8372,155825.103,53375.0748,13001.7136,5603.1884,2779.8764,2171.7784,1990.7969,1397.1775,1411.656,NaN,NaN,NaN,NaN,NaN,NaN,NaN,NaN,NaN,NaN,NaN,NaN,NaN,NaN,NaN,NaN,NaN
PROTEIN,mAb_5,150s,ELN66236_02_54_mAb_5_PROTEIN_ECD_150_20220611_214542,3,13,2,8,2.6191,0,4.22,4.4,High,691.87,14136.9039,79041.9127,199637.8747,258716,222838.8197,149465.8805,55564.625,19213.7144,6636.173,2680.5244,1654.1086,1658.0563,998.7815,860.6102,NaN,NaN,NaN,NaN,NaN,NaN,NaN,NaN,NaN,NaN,NaN,NaN,NaN,NaN,NaN,NaN,NaN
PROTEIN,mAb_5,1500s,ELN66236_02_57_mAb_5_PROTEIN_ECD_1500_20220611_230941,3,13,2,8,3.0527,0,4.22,4.4,High,691.87,3277.967,16730.7591,66783.9235,114728.8437,128405,94306.6981,41663.2932,16378.0788,4710.2406,1743.8079,1263.7709,1032.5694,750.4252,758.2625,NaN,NaN,NaN,NaN,NaN,NaN,NaN,NaN,NaN,NaN,NaN,NaN,NaN,NaN,NaN,NaN,NaN
PROTEIN,mAb_6,0s,ELN66236_02_67_mAb_6_PROTEIN_ECD_0_20220613_181538,3,13,2,8,0.0036,0,4.25,4.36,Medium,691.87,150832,132668.1769,37308.1059,7898.9154,2087.5048,784.8281,748.0034,481.0237,575.3872,481.0237,750.3049,444.1989,NaN,NaN,NaN,NaN,NaN,NaN,NaN,NaN,NaN,NaN,NaN,NaN,NaN,NaN,NaN,NaN,NaN,NaN,NaN
PROTEIN,mAb_6,15s,ELN66236_02_52_mAb_6_PROTEIN_ECD_15_20220611_210144,3,13,2,8,2.1027,0,4.25,4.36,High,691.87,25193.6889,108402.9894,198885.2948,200689,130231.191,76812.1185,22713.2115,7756.8511,2906.1396,1626.0908,1748.5835,1338.2329,976.8794,1178.9924,NaN,NaN,NaN,NaN,NaN,NaN,NaN,NaN,NaN,NaN,NaN,NaN,NaN,NaN,NaN,NaN,NaN
PROTEIN,mAb_6,150s,ELN66236_02_55_mAb_6_PROTEIN_ECD_150_20220611_220720,3,13,2,8,2.7331,0,4.25,4.36,High,691.87,5481.2198,28698.6618,76270.6239,102926,98027.4543,65080.4545,26927.0813,9029.0925,2869.395,1330.2559,764.8579,775.8517,544.9809,645.4961,NaN,NaN,NaN,NaN,NaN,NaN,NaN,NaN,NaN,NaN,NaN,NaN,NaN,NaN,NaN,NaN,NaN
PROTEIN,mAb_6,1500s,ELN66236_02_58_mAb_6_PROTEIN_ECD_1500_20220611_233054,3,13,2,8,3.1055,0,4.25,4.36,Medium,691.87,1522.1875,6041.8313,21116.019,32733.1617,34941,30334.9834,14152.8778,4799.0225,2003.1027,730.9699,608.875,605.1428,414.8027,446.7927,NaN,NaN,NaN,NaN,NaN,NaN,NaN,NaN,NaN,NaN,NaN,NaN,NaN,NaN,NaN,NaN,NaN
PROTEIN,apo_PROTEIN,0s,ELN66236_02_10_PROTEIN-ECD_apo_0_20220610_182354,3,16,3,11,0.0979,0,4.21,4.32,High,575.6496,490574.6667,490672,319627.4919,153576.9293,32801.3128,5136.2019,1257.8454,636.4099,853.5379,606.4612,673.8457,598.974,254.5639,314.4613,NaN,NaN,NaN,NaN,NaN,NaN,NaN,NaN,NaN,NaN,NaN,NaN,NaN,NaN,NaN,NaN,NaN
PROTEIN,apo_PROTEIN,15s,ELN66236_02_11_PROTEIN-ECD_apo_15_20220610_184553,3,16,3,11,3.1541,0,4.21,4.32,High,575.6496,7517.8116,57037.3094,155079.7765,224541.8041,261230,226969.3477,168433.2593,92326.3792,37716.6134,8402.7289,2005.0155,1080.237,410.5698,653.7227,621.8338,446.4448,526.1671,NaN,NaN,NaN,NaN,NaN,NaN,NaN,NaN,NaN,NaN,NaN,NaN,NaN,NaN
PROTEIN,apo_PROTEIN,150s,ELN66236_02_12_PROTEIN-ECD_apo_150_20220610_191541,3,16,3,11,4.413,0,4.21,4.32,Medium,575.6496,1550.3166,5787.0413,25890.2876,69861.1429,128245.098,158750,156313.0961,118386.0533,63638.0751,23918.4787,7594.1291,1661.7456,799.382,494.1634,387.5792,588.6358,353.666,NaN,NaN,NaN,NaN,NaN,NaN,NaN,NaN,NaN,NaN,NaN,NaN,NaN,NaN
PROTEIN,apo_PROTEIN,1500s,ELN66236_02_13_PROTEIN-ECD_apo_1500_20220610_195632,3,16,3,11,4.8425,0,4.21,4.32,High,575.6496,871.0436,2620.7884,9654.2266,31187.1911,73301.6725,109774.4713,125459,93414.1659,58338.8657,22379.1212,7448.8589,2237.9121,918.9032,398.1914,386.7051,518.7974,329.2736,NaN,NaN,NaN,NaN,NaN,NaN,NaN,NaN,NaN,NaN,NaN,NaN,NaN,NaN
PROTEIN,mAb_1,0s,ELN66236_02_63_mAb_1_PROTEIN_ECD_0_20220613_164825,3,16,3,11,0.0006,0,4.18,4.48,High,575.6496,327743.7782,328742,175106.1381,54150.7529,10254.0758,3532.3814,2278.334,803.5742,959.0761,5563.9383,4324.9394,1982.3788,1335.2903,452.4409,NaN,NaN,NaN,NaN,NaN,NaN,NaN,NaN,NaN,NaN,NaN,NaN,NaN,NaN,NaN,NaN,NaN
PROTEIN,mAb_1,15s,ELN66236_02_06_mAb_1_PROTEIN_ECD_15_20220610_163142,3,16,3,11,3.0522,0,4.18,4.48,Medium,575.6496,19235.2875,126197.1749,381377.0353,555789.2058,589339,466433.9914,300285.6271,164944.4445,63935.3751,15917.176,5791.9902,2770.6203,2914.4951,3247.2054,3795.7279,3948.5949,2698.6829,NaN,NaN,NaN,NaN,NaN,NaN,NaN,NaN,NaN,NaN,NaN,NaN,NaN,NaN
PROTEIN,mAb_1,150s,ELN66236_02_07_mAb_1_PROTEIN_ECD_150_20220610_165350,3,16,3,11,4.4432,0,4.18,4.48,High,575.6496,3021.8889,9278.5243,44927.2197,143816.6915,226766.0973,298665,265408.6816,194585.2094,119450.9016,48654.7708,14933.6478,4698.8312,2839.6126,2794.0435,3076.5718,3290.7465,2958.0922,NaN,NaN,NaN,NaN,NaN,NaN,NaN,NaN,NaN,NaN,NaN,NaN,NaN,NaN
PROTEIN,mAb_1,1500s,ELN66236_02_09_mAb_1_PROTEIN_ECD_1500_20220610_175621,3,16,3,11,5.0816,0,4.18,4.48,Medium,575.6496,1686.228,2430.2802,12472.229,40622.2034,105037.8324,157799.3996,180617,163660.8774,111748.0808,49520.5164,14357.1612,5205.3193,2672.7861,2204.3088,2711.3666,3846.7351,3108.1944,NaN,NaN,NaN,NaN,NaN,NaN,NaN,NaN,NaN,NaN,NaN,NaN,NaN,NaN
PROTEIN,mAb_2,0s,ELN66236_02_65_mAb_2_PROTEIN_ECD_0_20220613_173205,3,16,3,11,0.0614,0,4.11,4.3,High,575.6496,726385.3363,746408,452377.8035,148598.2326,38393.8562,7756.2195,1366.7347,546.6939,3029.5953,831.4303,740.3146,831.4303,820.0408,387.2415,NaN,NaN,NaN,NaN,NaN,NaN,NaN,NaN,NaN,NaN,NaN,NaN,NaN,NaN,NaN,NaN,NaN
PROTEIN,mAb_2,15s,ELN66236_02_16_mAb_2_PROTEIN_ECD_15_20220610_210102,3,16,3,11,3.4844,0,4.11,4.3,High,575.6496,19801.5083,174177.1222,576673.3824,892740.7719,981393.6331,1005198,840024.529,524003.1531,213073.9485,53974.2721,15092.7837,7408.5132,1902.2196,2024.9225,3405.3304,1794.8545,1135.3263,NaN,NaN,NaN,NaN,NaN,NaN,NaN,NaN,NaN,NaN,NaN,NaN,NaN,NaN
PROTEIN,mAb_2,150s,ELN66236_02_18_mAb_2_PROTEIN_ECD_150_20220610_214348,3,16,3,11,4.4671,0,4.11,4.3,Medium,575.6496,1918.9055,14624.6736,84111.9108,267868.8755,439158.408,538602,535898.1205,420042.2266,251234.6746,89758.0056,26631.8709,8370.4113,1910.6871,1244.9903,2091.4936,842.2848,751.8816,NaN,NaN,NaN,NaN,NaN,NaN,NaN,NaN,NaN,NaN,NaN,NaN,NaN,NaN
PROTEIN,mAb_2,1500s,ELN66236_02_20_mAb_2_PROTEIN_ECD_1500_20220610_224546,3,16,3,11,5.1439,0,4.11,4.3,Medium,575.6496,1246.9623,3087.3085,17438.5255,72846.2987,194349.7863,325676.1942,380486,332294.4739,216166.8872,102715.64,30953.7493,10831.8568,3215.0297,974.1034,2082.9555,1206.3237,439.9966,NaN,NaN,NaN,NaN,NaN,NaN,NaN,NaN,NaN,NaN,NaN,NaN,NaN,NaN
PROTEIN,mAb_3,0s,ELN66236_02_64_mAb_3_PROTEIN_ECD_0_20220613_171016,3,16,3,11,0.0636,0,4.17,4.47,Medium,575.6496,712736,682719.3207,447969.3122,173936.606,41678.3316,9736.6696,2689.2753,1438.5803,4200.9849,1819.2266,1764.8486,1525.5852,786.0438,481.5268,NaN,NaN,NaN,NaN,NaN,NaN,NaN,NaN,NaN,NaN,NaN,NaN,NaN,NaN,NaN,NaN,NaN
PROTEIN,mAb_3,15s,ELN66236_02_28_mAb_3_PROTEIN_ECD_15_20220611_023911,3,16,3,11,3.3068,0,4.17,4.47,High,575.6496,21721.5122,201151.6107,643388.0753,936723.4274,1053071,1002762.445,738831.3263,419385.6572,146729.6761,39171.2379,9815.2076,5798.2358,3291.6454,3243.4417,3323.7811,3050.6271,2231.1648,NaN,NaN,NaN,NaN,NaN,NaN,NaN,NaN,NaN,NaN,NaN,NaN,NaN,NaN
PROTEIN,mAb_3,150s,ELN66236_02_30_mAb_3_PROTEIN_ECD_150_20220611_032243,3,16,3,11,4.2901,0,4.17,4.47,Medium,575.6496,3227.9767,22089.7813,120564.6582,329928.8418,484370.2585,605374,548289.7922,420201.3278,224812.6145,79063.146,21858.8581,8779.3697,2876.9735,2239.6255,2876.9735,2452.0748,1417.539,NaN,NaN,NaN,NaN,NaN,NaN,NaN,NaN,NaN,NaN,NaN,NaN,NaN,NaN
PROTEIN,mAb_3,1500s,ELN66236_02_32_mAb_3_PROTEIN_ECD_1500_20220611_042454,3,16,3,11,5.0941,0,4.17,4.47,High,575.6496,1416.0862,3459.4028,23144.2205,95434.6798,241792.1124,376982.8849,426478,361599.444,220792.8045,99098.3334,32235.0272,10532.9224,2808.665,1656.8592,2645.9806,1936.6764,1194.8354,NaN,NaN,NaN,NaN,NaN,NaN,NaN,NaN,NaN,NaN,NaN,NaN,NaN,NaN
PROTEIN,mAb_4,0s,ELN66236_02_68_mAb_4_PROTEIN_ECD_0_20220613_183721,3,16,3,11,0.0865,0,4.17,4.48,High,575.6496,848603,807361.9277,619142.0765,252983.5079,54340.0889,11959.5459,3374.6696,1315.8531,4009.1476,1782.0003,1445.3384,2183.4047,1030.9854,694.3236,NaN,NaN,NaN,NaN,NaN,NaN,NaN,NaN,NaN,NaN,NaN,NaN,NaN,NaN,NaN,NaN,NaN
PROTEIN,mAb_4,15s,ELN66236_02_53_mAb_4_PROTEIN_ECD_15_20220611_212338,3,16,3,11,3.4509,0,4.17,4.48,Medium,575.6496,13387.5695,135057.9129,452421.2198,694909.5325,798059,772767.8367,621033.0339,369156.4271,137566.3288,37911.5959,9551.8851,4608.1141,2367.5874,2964.2494,3232.1385,3073.8404,2781.5978,NaN,NaN,NaN,NaN,NaN,NaN,NaN,NaN,NaN,NaN,NaN,NaN,NaN,NaN
PROTEIN,mAb_4,150s,ELN66236_02_56_mAb_4_PROTEIN_ECD_150_20220611_222847,3,16,3,11,4.327,0,4.17,4.48,Medium,575.6496,2332.185,18242.6205,96379.2187,284134.2252,451935.4942,555561,511745.8475,379834.1811,202988.461,76230.5211,18903.7894,7240.0923,2603.4337,3222.22,3247.6495,2484.7624,1196.3307,NaN,NaN,NaN,NaN,NaN,NaN,NaN,NaN,NaN,NaN,NaN,NaN,NaN,NaN
PROTEIN,mAb_4,1500s,ELN66236_02_59_mAb_4_PROTEIN_ECD_1500_20220611_235156,3,16,3,11,5.1019,0,4.17,4.48,Medium,575.6496,928.3054,3168.1322,19712.4402,75187.6277,208489.4857,344791.425,383272,323299.6146,213670.9127,86690.8634,29075.267,9115.6618,2940.0558,1571.5977,2559.9286,1659.3194,1027.7233,NaN,NaN,NaN,NaN,NaN,NaN,NaN,NaN,NaN,NaN,NaN,NaN,NaN,NaN
PROTEIN,mAb_5,0s,ELN66236_02_66_mAb_5_PROTEIN_ECD_0_20220613_175352,3,16,3,11,0.0716,0,4.11,4.32,High,575.6496,700148.9379,750122,520012.4167,172490.1739,40392.3475,6970.1438,1281.5016,800.7713,2643.5708,880.893,949.5687,1636.3263,938.1228,297.149,NaN,NaN,NaN,NaN,NaN,NaN,NaN,NaN,NaN,NaN,NaN,NaN,NaN,NaN,NaN,NaN,NaN
PROTEIN,mAb_5,15s,ELN66236_02_51_mAb_5_PROTEIN_ECD_15_20220611_203241,3,16,3,11,3.2144,0,4.11,4.32,High,575.6496,24461.3507,223991.1035,541361.8849,714264.2103,768739,759589.4875,588810.3182,336717.7892,119710.1215,29622.6141,7921.8473,4273.7725,1505.4585,1470.268,1810.4422,965.8718,778.1895,NaN,NaN,NaN,NaN,NaN,NaN,NaN,NaN,NaN,NaN,NaN,NaN,NaN,NaN
PROTEIN,mAb_5,150s,ELN66236_02_54_mAb_5_PROTEIN_ECD_150_20220611_214542,3,16,3,11,4.2618,0,4.11,4.32,Medium,575.6496,3027.9375,22201.3863,128048.5603,336765.7809,554489.2797,613545,569768.1218,400689.7597,210865.1268,75078.1631,20300.8931,5377.8084,1913.8553,1071.2721,1717.2525,1155.5304,752.9628,NaN,NaN,NaN,NaN,NaN,NaN,NaN,NaN,NaN,NaN,NaN,NaN,NaN,NaN
PROTEIN,mAb_5,1500s,ELN66236_02_57_mAb_5_PROTEIN_ECD_1500_20220611_230941,3,16,3,11,4.8397,0,4.11,4.32,Medium,575.6496,1587.5459,4861.1801,25477.4899,98396.0879,244775.9719,350355.0527,382432,283738.6383,158313.5146,60477.9501,20225.6703,6045.7572,1645.8994,1044.8579,1885.149,858.1265,1068.1993,NaN,NaN,NaN,NaN,NaN,NaN,NaN,NaN,NaN,NaN,NaN,NaN,NaN,NaN
PROTEIN,mAb_6,0s,ELN66236_02_67_mAb_6_PROTEIN_ECD_0_20220613_181538,3,16,3,11,0.0136,0,4.17,4.48,High,575.6496,320111.6379,327247,178982.2641,49607.0137,13760.4324,6110.765,2250.9785,1626.8215,2151.1134,7948.283,7249.2272,3868.7933,2201.0459,822.9074,NaN,NaN,NaN,NaN,NaN,NaN,NaN,NaN,NaN,NaN,NaN,NaN,NaN,NaN,NaN,NaN,NaN
PROTEIN,mAb_6,15s,ELN66236_02_52_mAb_6_PROTEIN_ECD_15_20220611_210144,3,16,3,11,3.2499,0,4.17,4.48,Medium,575.6496,9446.3648,76849.6603,246563.4012,394298.5663,457998,433915.9102,318215.6551,158243.7695,58484.0968,15002.1575,5330.1864,4575.4372,3429.3366,6553.1596,6210.7271,6056.9819,4645.3214,NaN,NaN,NaN,NaN,NaN,NaN,NaN,NaN,NaN,NaN,NaN,NaN,NaN,NaN
PROTEIN,mAb_6,150s,ELN66236_02_55_mAb_6_PROTEIN_ECD_150_20220611_220720,3,16,3,11,4.4217,0,4.17,4.48,Medium,575.6496,2062.7304,8705.0916,40196.8145,122652.2734,218379.93,273623,257223.7573,187092.7802,91841.069,36188.853,10917.8204,5152.2007,2338.2777,3619.9904,4050.0113,4371.4832,3344.4431,NaN,NaN,NaN,NaN,NaN,NaN,NaN,NaN,NaN,NaN,NaN,NaN,NaN,NaN
PROTEIN,mAb_6,1500s,ELN66236_02_58_mAb_6_PROTEIN_ECD_1500_20220611_233054,3,16,3,11,4.8814,0,4.17,4.48,Medium,575.6496,1359.4583,3057.2939,9677.172,30187.363,69225.816,101304.8238,110184,87972.6113,48838.3398,19778.4537,6963.997,3512.8518,2771.5196,2203.333,2522.7279,3060.656,2927.855,NaN,NaN,NaN,NaN,NaN,NaN,NaN,NaN,NaN,NaN,NaN,NaN,NaN,NaN
PROTEIN,apo_PROTEIN,0s,ELN66236_02_10_PROTEIN-ECD_apo_0_20220610_182354,4,13,2,7,0.0845,0,3.87,3.97,Medium,618.3358,651077,522729.3421,217701.2329,43236.2418,7341.8159,5583.3566,121423.1036,21657.8601,11365.4091,3656.0057,1202.1106,1529.9589,NaN,NaN,NaN,NaN,NaN,NaN,NaN,NaN,NaN,NaN,NaN,NaN,NaN,NaN,NaN,NaN,NaN,NaN,NaN
PROTEIN,apo_PROTEIN,15s,ELN66236_02_11_PROTEIN-ECD_apo_15_20220610_184553,4,13,2,7,1.7094,0,3.87,3.97,Medium,618.3358,79435.1346,260705.2503,300322,252804.8135,160620.8301,65673.5268,20791.3468,6259.8589,8413.6903,15709.2213,27651.5289,29255.4459,26230.9167,NaN,NaN,NaN,NaN,NaN,NaN,NaN,NaN,NaN,NaN,NaN,NaN,NaN,NaN,NaN,NaN,NaN,NaN
PROTEIN,apo_PROTEIN,150s,ELN66236_02_12_PROTEIN-ECD_apo_150_20220610_191541,4,13,2,7,2.3194,0,3.87,3.97,Medium,618.3358,23981.1733,95476.9861,170963.71,180003,158068.0956,84556.2273,29611.8462,7847.2354,4026.6178,3982.6711,7948.8622,10184.6513,14167.3224,NaN,NaN,NaN,NaN,NaN,NaN,NaN,NaN,NaN,NaN,NaN,NaN,NaN,NaN,NaN,NaN,NaN,NaN
PROTEIN,apo_PROTEIN,1500s,ELN66236_02_13_PROTEIN-ECD_apo_1500_20220610_195632,4,13,2,7,2.6325,0,3.87,3.97,Medium,618.3358,11791.7394,43702.255,95808.105,116680,110961.2824,66210.3584,25143.129,6947.2093,3096.155,2659.9515,3790.5199,6350.7677,9325.854,NaN,NaN,NaN,NaN,NaN,NaN,NaN,NaN,NaN,NaN,NaN,NaN,NaN,NaN,NaN,NaN,NaN,NaN
PROTEIN,mAb_1,0s,ELN66236_02_63_mAb_1_PROTEIN_ECD_0_20220613_164825,4,13,2,7,0.0829,0,3.7,3.84,High,618.3358,638165,535801.5228,241233.8681,54911.3059,8900.3252,1820.9637,13097.3056,5910.8286,2833.6921,1246.435,525.8398,2707.1011,NaN,NaN,NaN,NaN,NaN,NaN,NaN,NaN,NaN,NaN,NaN,NaN,NaN,NaN,NaN,NaN,NaN,NaN,NaN
PROTEIN,mAb_1,15s,ELN66236_02_06_mAb_1_PROTEIN_ECD_15_20220610_163142,4,13,2,7,1.9373,0,3.7,3.84,Medium,618.3358,707841.9139,1177385.237,1287673,1175597.212,944254.2361,556999.3775,198628.0058,44936.418,13537.9064,21574.1963,35878.3993,44189.77,42657.1768,NaN,NaN,NaN,NaN,NaN,NaN,NaN,NaN,NaN,NaN,NaN,NaN,NaN,NaN,NaN,NaN,NaN,NaN
PROTEIN,mAb_1,150s,ELN66236_02_07_mAb_1_PROTEIN_ECD_150_20220610_165350,4,13,2,7,2.6012,0,3.7,3.84,High,618.3358,126395.9531,522653.8888,879771.1962,975316,834692.5029,595041.7277,277749.6377,83594.2622,20388.8444,4598.6518,6072.0062,9182.4212,18930.3724,NaN,NaN,NaN,NaN,NaN,NaN,NaN,NaN,NaN,NaN,NaN,NaN,NaN,NaN,NaN,NaN,NaN,NaN
PROTEIN,mAb_1,1500s,ELN66236_02_09_mAb_1_PROTEIN_ECD_1500_20220610_175621,4,13,2,7,2.9196,0,3.7,3.84,High,618.3358,31416.0658,215579.9763,449889.6155,728024,693841.8096,516932.0331,244229.9174,76529.4474,16930.0157,4465.7915,3410.4428,4199.1771,6432.0729,NaN,NaN,NaN,NaN,NaN,NaN,NaN,NaN,NaN,NaN,NaN,NaN,NaN,NaN,NaN,NaN,NaN,NaN
PROTEIN,mAb_2,0s,ELN66236_02_65_mAb_2_PROTEIN_ECD_0_20220613_173205,4,13,2,7,0.1759,0,3.7,3.89,Medium,618.3358,1118560,952521.2164,461197.9821,112308.3055,21454.6413,5239.9164,26848.1709,21522.9139,9848.3119,2457.8109,989.9516,8243.9075,4523.0549,NaN,NaN,NaN,NaN,NaN,NaN,NaN,NaN,NaN,NaN,NaN,NaN,NaN,NaN,NaN,NaN,NaN,NaN
PROTEIN,mAb_2,15s,ELN66236_02_16_mAb_2_PROTEIN_ECD_15_20220610_210102,4,13,2,7,2.0133,0,3.7,3.89,Medium,618.3358,544676.4282,1406448.155,1456158.187,1611954,1379785.278,904207.1204,347631.8653,75370.4415,18109.2079,18330.5786,30530.5665,47649.9044,60956.7461,NaN,NaN,NaN,NaN,NaN,NaN,NaN,NaN,NaN,NaN,NaN,NaN,NaN,NaN,NaN,NaN,NaN,NaN
PROTEIN,mAb_2,150s,ELN66236_02_18_mAb_2_PROTEIN_ECD_150_20220610_214348,4,13,2,7,2.5467,0,3.7,3.89,Medium,618.3358,100808.9073,605150.8263,914790.7024,1111970,1059591.333,750816.799,358154.9538,96787.6102,20298.1279,9455.8965,19178.2731,28968.5196,39878.621,NaN,NaN,NaN,NaN,NaN,NaN,NaN,NaN,NaN,NaN,NaN,NaN,NaN,NaN,NaN,NaN,NaN,NaN
PROTEIN,mAb_2,1500s,ELN66236_02_20_mAb_2_PROTEIN_ECD_1500_20220610_224546,4,13,2,7,3.0144,0,3.7,3.89,Medium,618.3358,26766.298,230403.3954,605089.4822,818630.671,919355,707890.023,379259.3641,121696.8738,28618.0545,6593.3753,6312.8061,10409.1159,13944.2873,NaN,NaN,NaN,NaN,NaN,NaN,NaN,NaN,NaN,NaN,NaN,NaN,NaN,NaN,NaN,NaN,NaN,NaN
PROTEIN,mAb_3,0s,ELN66236_02_64_mAb_3_PROTEIN_ECD_0_20220613_171016,4,13,2,7,0.1621,0,3.7,3.91,Medium,618.3358,1327444,1115451.086,629119.1658,145197.6373,25974.4103,7076.1312,84066.8695,53440.7195,16758.2077,2822.4992,1040.0249,4604.9736,4037.8227,NaN,NaN,NaN,NaN,NaN,NaN,NaN,NaN,NaN,NaN,NaN,NaN,NaN,NaN,NaN,NaN,NaN,NaN
PROTEIN,mAb_3,15s,ELN66236_02_28_mAb_3_PROTEIN_ECD_15_20220611_023911,4,13,2,7,2.0366,0,3.7,3.91,Medium,618.3358,526963.2954,1448529.895,1414290.344,1509019,1321910.333,819899.1143,304187.4703,64096.1495,22856.7177,42313.6244,78694.586,100269.8778,102549.4444,NaN,NaN,NaN,NaN,NaN,NaN,NaN,NaN,NaN,NaN,NaN,NaN,NaN,NaN,NaN,NaN,NaN,NaN
PROTEIN,mAb_3,150s,ELN66236_02_30_mAb_3_PROTEIN_ECD_150_20220611_032243,4,13,2,7,2.5118,0,3.7,3.91,Medium,618.3358,188572.194,808098.9447,1157481.792,1235533,1190851.511,874046.5596,423668.4656,115366.1937,25060.569,11957.7695,23137.5682,39860.1338,55998.258,NaN,NaN,NaN,NaN,NaN,NaN,NaN,NaN,NaN,NaN,NaN,NaN,NaN,NaN,NaN,NaN,NaN,NaN
PROTEIN,mAb_3,1500s,ELN66236_02_32_mAb_3_PROTEIN_ECD_1500_20220611_042454,4,13,2,7,3.0599,0,3.7,3.91,Medium,618.3358,35748.314,253933.6326,743989.304,806330.0002,932976,780021.3437,427957.9921,141751.6992,32374.3143,7574.7041,8016.029,14906.3914,24131.5047,NaN,NaN,NaN,NaN,NaN,NaN,NaN,NaN,NaN,NaN,NaN,NaN,NaN,NaN,NaN,NaN,NaN,NaN
PROTEIN,mAb_4,0s,ELN66236_02_68_mAb_4_PROTEIN_ECD_0_20220613_183721,4,13,2,7,0.1046,0,3.8,3.91,Medium,618.3358,793200,711586.3951,372580.6912,81323.122,15613.4585,3969.9336,172558.9746,123080.0458,36443.5065,3146.8986,1319.2767,2420.6912,NaN,NaN,NaN,NaN,NaN,NaN,NaN,NaN,NaN,NaN,NaN,NaN,NaN,NaN,NaN,NaN,NaN,NaN,NaN
PROTEIN,mAb_4,15s,ELN66236_02_53_mAb_4_PROTEIN_ECD_15_20220611_212338,4,13,2,7,1.9786,0,3.8,3.91,Medium,618.3358,194052.4252,624419.2284,720825,659395.8803,522876.9485,280504.1496,90024.3833,21555.9374,20313.0564,50857.1326,108711.5945,155215.1429,159163.7649,NaN,NaN,NaN,NaN,NaN,NaN,NaN,NaN,NaN,NaN,NaN,NaN,NaN,NaN,NaN,NaN,NaN,NaN
PROTEIN,mAb_4,150s,ELN66236_02_56_mAb_4_PROTEIN_ECD_150_20220611_222847,4,13,2,7,2.4189,0,3.8,3.91,Medium,618.3358,58432.0967,296479.2417,511808,492447.7798,486668.6096,311083.361,127547.8486,33683.1907,8832.7588,13557.6209,32816.3152,57252.8336,74231.0985,NaN,NaN,NaN,NaN,NaN,NaN,NaN,NaN,NaN,NaN,NaN,NaN,NaN,NaN,NaN,NaN,NaN,NaN
PROTEIN,mAb_4,1500s,ELN66236_02_59_mAb_4_PROTEIN_ECD_1500_20220611_235156,4,13,2,7,2.9884,0,3.8,3.91,Medium,618.3358,11969.0974,80525.5732,251848.6671,343280,339079.0301,266405.3944,122849.5589,34807.2877,9187.6573,4850.4964,10937.1884,20978.6587,36305.3892,NaN,NaN,NaN,NaN,NaN,NaN,NaN,NaN,NaN,NaN,NaN,NaN,NaN,NaN,NaN,NaN,NaN,NaN
PROTEIN,mAb_5,0s,ELN66236_02_66_mAb_5_PROTEIN_ECD_0_20220613_175352,4,13,2,7,0.1642,0,3.69,3.88,Medium,618.3358,1074946,981205.0007,510121.6236,125972.1566,21323.4119,4822.3716,62592.4153,50651.3046,19765.1626,5347.2556,1574.652,5101.2162,3641.3827,NaN,NaN,NaN,NaN,NaN,NaN,NaN,NaN,NaN,NaN,NaN,NaN,NaN,NaN,NaN,NaN,NaN,NaN
PROTEIN,mAb_5,15s,ELN66236_02_51_mAb_5_PROTEIN_ECD_15_20220611_203241,4,13,2,7,1.9047,0,3.69,3.88,Medium,618.3358,443795.1028,1138710,1106513.238,1118450.192,916616.6306,496616.5582,162764.1095,39346.0839,22526.6205,50032.0033,38668.4402,60457.2906,63550.1258,NaN,NaN,NaN,NaN,NaN,NaN,NaN,NaN,NaN,NaN,NaN,NaN,NaN,NaN,NaN,NaN,NaN,NaN
PROTEIN,mAb_5,150s,ELN66236_02_54_mAb_5_PROTEIN_ECD_150_20220611_214542,4,13,2,7,2.4051,0,3.69,3.88,Medium,618.3358,140639.3674,617134.1489,913247.9062,915455,870810.2425,624370.0639,256707.3554,71451.1685,15743.0043,13535.9105,27015.9452,51978.4551,65765.8067,NaN,NaN,NaN,NaN,NaN,NaN,NaN,NaN,NaN,NaN,NaN,NaN,NaN,NaN,NaN,NaN,NaN,NaN
PROTEIN,mAb_5,1500s,ELN66236_02_57_mAb_5_PROTEIN_ECD_1500_20220611_230941,4,13,2,7,2.8206,0,3.69,3.88,Medium,618.3358,33937.7141,175971.6822,514787.354,563510.4326,584062,429212.267,195614.2037,52439.4722,10997.6731,5347.3289,9179.5813,16612.3685,26914.8888,NaN,NaN,NaN,NaN,NaN,NaN,NaN,NaN,NaN,NaN,NaN,NaN,NaN,NaN,NaN,NaN,NaN,NaN
PROTEIN,mAb_6,0s,ELN66236_02_67_mAb_6_PROTEIN_ECD_0_20220613_181538,4,13,2,7,0.049,0,3.73,3.84,High,618.3358,576834,484633.8604,204433.4552,40832.1191,6469.4131,2130.0653,8986.763,6531.0266,1998.0364,1047.4288,888.9942,8634.6861,NaN,NaN,NaN,NaN,NaN,NaN,NaN,NaN,NaN,NaN,NaN,NaN,NaN,NaN,NaN,NaN,NaN,NaN,NaN
PROTEIN,mAb_6,15s,ELN66236_02_52_mAb_6_PROTEIN_ECD_15_20220611_210144,4,13,2,7,1.9791,0,3.73,3.84,High,618.3358,236593.1251,707729.3139,708015.6353,750563,590933.0756,312124.7187,101483.7681,19905.0659,6505.2229,10215.9487,14098.4673,21978.0331,21325.2202,NaN,NaN,NaN,NaN,NaN,NaN,NaN,NaN,NaN,NaN,NaN,NaN,NaN,NaN,NaN,NaN,NaN,NaN
PROTEIN,mAb_6,150s,ELN66236_02_55_mAb_6_PROTEIN_ECD_150_20220611_220720,4,13,2,7,2.5151,0,3.73,3.84,High,618.3358,58485.8636,263969.2085,493291,476324.8306,460811.3988,320204.4578,135706.7741,32923.7024,7369.0683,3086.1266,4200.1431,5607.7179,10139.0551,NaN,NaN,NaN,NaN,NaN,NaN,NaN,NaN,NaN,NaN,NaN,NaN,NaN,NaN,NaN,NaN,NaN,NaN
PROTEIN,mAb_6,1500s,ELN66236_02_58_mAb_6_PROTEIN_ECD_1500_20220611_233054,4,13,2,7,2.8047,0,3.73,3.84,High,618.3358,14776.3573,71553.8293,198021.0625,278908,243754.5693,169110.9833,76022.4858,18513.0053,5447.505,1859.8123,1574.6694,2161.9785,3357.8761,NaN,NaN,NaN,NaN,NaN,NaN,NaN,NaN,NaN,NaN,NaN,NaN,NaN,NaN,NaN,NaN,NaN,NaN
PROTEIN,apo_PROTEIN,0s,ELN66236_02_10_PROTEIN-ECD_apo_0_20220610_182354,4,16,2,10,0.0993,0,3.84,3.97,High,789.4366,770329,714495.2814,421832.5601,124138.9268,31290.3914,9050.9397,3385.2865,2362.6479,1281.2369,505.4421,423.1608,223.3349,352.634,NaN,NaN,NaN,NaN,NaN,NaN,NaN,NaN,NaN,NaN,NaN,NaN,NaN,NaN,NaN,NaN,NaN,NaN
PROTEIN,apo_PROTEIN,15s,ELN66236_02_11_PROTEIN-ECD_apo_15_20220610_184553,4,16,2,10,3.0179,0,3.84,3.97,High,789.4366,17804.2514,105124.6958,280808.991,391229.1247,395258,316761.275,178416.4516,75589.6622,25289.0332,8817.6882,4089.1878,1556.0626,1013.2501,506.625,259.3438,367.9063,NaN,NaN,NaN,NaN,NaN,NaN,NaN,NaN,NaN,NaN,NaN,NaN,NaN,NaN,NaN
PROTEIN,apo_PROTEIN,150s,ELN66236_02_12_PROTEIN-ECD_apo_150_20220610_191541,4,16,2,10,4.2014,0,3.84,3.97,High,789.4366,2718.4928,12658.2111,44734.228,124636.6668,208613.181,240103,186824.9375,108875.2705,51944.4623,19681.5948,6279.6451,3026.2467,1322.609,454.3034,230.8154,333.4001,NaN,NaN,NaN,NaN,NaN,NaN,NaN,NaN,NaN,NaN,NaN,NaN,NaN,NaN,NaN
PROTEIN,apo_PROTEIN,1500s,ELN66236_02_13_PROTEIN-ECD_apo_1500_20220610_195632,4,16,2,10,4.5849,0,3.84,3.97,High,789.4366,3090.1233,4722.9726,17138.3331,52161.1939,106407.3432,143829,134874.6654,93801.0446,44150.5759,19157.4478,5486.7247,2289.0615,783.5043,427.9645,445.522,177.7699,NaN,NaN,NaN,NaN,NaN,NaN,NaN,NaN,NaN,NaN,NaN,NaN,NaN,NaN,NaN
PROTEIN,mAb_1,0s,ELN66236_02_63_mAb_1_PROTEIN_ECD_0_20220613_164825,4,16,2,10,0.001,0,3.72,3.99,High,789.4366,775512,707469.0611,294016.4973,72894.6963,14744.609,3893.2395,2993.8893,1857.8681,1017.6857,840.1824,520.6764,236.6711,508.8428,NaN,NaN,NaN,NaN,NaN,NaN,NaN,NaN,NaN,NaN,NaN,NaN,NaN,NaN,NaN,NaN,NaN,NaN
PROTEIN,mAb_1,15s,ELN66236_02_06_mAb_1_PROTEIN_ECD_15_20220610_163142,4,16,2,10,3.1256,0,3.72,3.99,Medium,789.4366,99504.9261,614148.4567,1185341.35,1319886.195,1383338,1331010.314,997666.7007,509809.7105,161753.553,49710.2463,12665.0309,4221.677,2174.1636,1266.5031,823.227,633.2515,NaN,NaN,NaN,NaN,NaN,NaN,NaN,NaN,NaN,NaN,NaN,NaN,NaN,NaN,NaN
PROTEIN,mAb_1,150s,ELN66236_02_07_mAb_1_PROTEIN_ECD_150_20220610_165350,4,16,2,10,4.3039,0,3.72,3.99,High,789.4366,7719.3223,43960.1332,221311.9345,553702.1025,866831.0056,970990,894893.187,642185.3906,292711.9622,101640.2136,34907.3387,9571.3671,2963.2715,1229.7577,563.0216,726.0015,NaN,NaN,NaN,NaN,NaN,NaN,NaN,NaN,NaN,NaN,NaN,NaN,NaN,NaN,NaN
PROTEIN,mAb_1,1500s,ELN66236_02_09_mAb_1_PROTEIN_ECD_1500_20220610_175621,4,16,2,10,4.8734,0,3.72,3.99,High,789.4366,6792.4499,9139.475,49655.4936,178851.271,447734.8239,631886.7916,651747,484581.1295,248396.8081,103706.6867,33325.7679,9527.3308,3162.5169,1054.1723,785.6567,457.471,NaN,NaN,NaN,NaN,NaN,NaN,NaN,NaN,NaN,NaN,NaN,NaN,NaN,NaN,NaN
PROTEIN,mAb_2,0s,ELN66236_02_65_mAb_2_PROTEIN_ECD_0_20220613_173205,4,16,2,10,0.0641,0,3.72,4.02,High,789.4366,1302811,1225061.8,661693.2042,166790.025,34729.6989,9522.3387,3518.693,1689.7678,914.4626,516.8702,556.6294,815.0645,496.9905,NaN,NaN,NaN,NaN,NaN,NaN,NaN,NaN,NaN,NaN,NaN,NaN,NaN,NaN,NaN,NaN,NaN,NaN
PROTEIN,mAb_2,15s,ELN66236_02_16_mAb_2_PROTEIN_ECD_15_20220610_210102,4,16,2,10,3.301,0,3.72,4.02,High,789.4366,53886.3106,387311.0076,1106962.937,1584706.163,1651749,1514512.816,1051639.994,627178.1814,263861.4524,74427.631,21045.4019,8065.3037,2822.8563,1209.7956,1033.367,655.3059,NaN,NaN,NaN,NaN,NaN,NaN,NaN,NaN,NaN,NaN,NaN,NaN,NaN,NaN,NaN
PROTEIN,mAb_2,150s,ELN66236_02_18_mAb_2_PROTEIN_ECD_150_20220610_214348,4,16,2,10,4.2937,0,3.72,4.02,High,789.4366,6231.0205,41207.6109,204288.4576,545828.1868,894396.9982,1005788,820775.8029,592606.8825,327343.4387,116777.9185,35943.4729,9177.71,2915.9948,1335.2187,675.283,460.4202,NaN,NaN,NaN,NaN,NaN,NaN,NaN,NaN,NaN,NaN,NaN,NaN,NaN,NaN,NaN
PROTEIN,mAb_2,1500s,ELN66236_02_20_mAb_2_PROTEIN_ECD_1500_20220610_224546,4,16,2,10,4.9213,0,3.72,4.02,High,789.4366,5787.4294,11286.5172,50964.3919,192014.9631,460131.5338,674874,667644.8622,535821.2248,336556.5281,141678.7441,41490.3082,10792.2172,4047.0814,1565.2834,1112.1751,535.4917,NaN,NaN,NaN,NaN,NaN,NaN,NaN,NaN,NaN,NaN,NaN,NaN,NaN,NaN,NaN
PROTEIN,mAb_3,0s,ELN66236_02_64_mAb_3_PROTEIN_ECD_0_20220613_171016,4,16,2,10,0.034,0,3.72,4.02,High,789.4366,1366361,1176173.807,640513.9349,191107.5613,33737.1458,10135.7533,4068.6109,1670.9429,586.78,962.0672,1504.1486,732.725,440.835,NaN,NaN,NaN,NaN,NaN,NaN,NaN,NaN,NaN,NaN,NaN,NaN,NaN,NaN,NaN,NaN,NaN,NaN
PROTEIN,mAb_3,15s,ELN66236_02_28_mAb_3_PROTEIN_ECD_15_20220611_023911,4,16,2,10,3.2035,0,3.72,4.02,High,789.4366,62927.1221,461588.1756,1196193.356,1650477.256,1721891,1502210.972,963376.1411,617474.0275,229296.4486,60063.2155,14897.5692,5780.3619,2496.0654,1366.2674,840.7799,735.6824,NaN,NaN,NaN,NaN,NaN,NaN,NaN,NaN,NaN,NaN,NaN,NaN,NaN,NaN,NaN
PROTEIN,mAb_3,150s,ELN66236_02_30_mAb_3_PROTEIN_ECD_150_20220611_032243,4,16,2,10,4.2015,0,3.72,4.02,High,789.4366,10180.0588,64142.6471,277973.5412,688552.6941,1057749.494,1084797,947672.4353,731126.8588,387554.0118,123667.0235,36399.9176,8657.1882,2913.3176,1241.4706,811.0941,794.5412,NaN,NaN,NaN,NaN,NaN,NaN,NaN,NaN,NaN,NaN,NaN,NaN,NaN,NaN,NaN
PROTEIN,mAb_3,1500s,ELN66236_02_32_mAb_3_PROTEIN_ECD_1500_20220611_042454,4,16,2,10,4.8574,0,3.72,4.02,High,789.4366,8475.8304,12423.8154,62143.7521,227835.7495,529622.1939,760492.957,808535,653317.5004,401201.6429,151158.4775,44106.3954,12226.4162,4207.0716,1788.9307,851.2843,407.136,NaN,NaN,NaN,NaN,NaN,NaN,NaN,NaN,NaN,NaN,NaN,NaN,NaN,NaN,NaN
PROTEIN,mAb_4,0s,ELN66236_02_68_mAb_4_PROTEIN_ECD_0_20220613_183721,4,16,2,10,0.083,0,3.81,3.93,High,789.4366,861147,736590.4667,388978.004,130522.2118,21326.6435,5387.507,1130.0624,762.1351,381.0676,407.3481,420.4883,643.8728,144.5429,NaN,NaN,NaN,NaN,NaN,NaN,NaN,NaN,NaN,NaN,NaN,NaN,NaN,NaN,NaN,NaN,NaN,NaN
PROTEIN,mAb_4,15s,ELN66236_02_53_mAb_4_PROTEIN_ECD_15_20220611_212338,4,16,2,10,3.2139,0,3.81,3.93,High,789.4366,20772.7918,150204.1527,439336.4597,694063.1083,757144,610752.4287,413526.4392,232532.8037,84616.1998,22875.4882,5984.5974,2044.93,843.3892,635.4302,196.4057,554.5573,NaN,NaN,NaN,NaN,NaN,NaN,NaN,NaN,NaN,NaN,NaN,NaN,NaN,NaN,NaN
PROTEIN,mAb_4,150s,ELN66236_02_56_mAb_4_PROTEIN_ECD_150_20220611_222847,4,16,2,10,4.1251,0,3.81,3.93,High,789.4366,4423.4729,21925.8721,104861.2012,268050.9668,400155.1438,418315,368909.9783,263110.4646,123404.042,40666.5883,11381.0276,3191.5389,1046.8248,465.9647,319.1539,185.1093,NaN,NaN,NaN,NaN,NaN,NaN,NaN,NaN,NaN,NaN,NaN,NaN,NaN,NaN,NaN
PROTEIN,mAb_4,1500s,ELN66236_02_59_mAb_4_PROTEIN_ECD_1500_20220611_235156,4,16,2,10,4.8326,0,3.81,3.93,High,789.4366,2909.1896,4117.6972,22591.2949,84502.9431,198429.1472,273112.9662,319353,241526.0867,126571.6765,53320.5238,14136.6148,3913.0306,1408.3012,497.0475,292.3809,345.984,NaN,NaN,NaN,NaN,NaN,NaN,NaN,NaN,NaN,NaN,NaN,NaN,NaN,NaN,NaN
PROTEIN,mAb_5,0s,ELN66236_02_66_mAb_5_PROTEIN_ECD_0_20220613_175352,4,16,2,10,0.1012,0,3.72,4.02,High,789.4366,1173675.322,1184046,769797.0233,206040.4453,37995.7082,9521.5113,3270.1965,1571.8624,632.3584,867.2344,596.2237,361.3477,379.4151,NaN,NaN,NaN,NaN,NaN,NaN,NaN,NaN,NaN,NaN,NaN,NaN,NaN,NaN,NaN,NaN,NaN,NaN
PROTEIN,mAb_5,15s,ELN66236_02_51_mAb_5_PROTEIN_ECD_15_20220611_203241,4,16,2,10,3.078,0,3.72,4.02,High,789.4366,73806.9647,436037.6742,1080396.114,1420159.992,1447752,1168098.493,751169.7758,440190.8347,145161.7974,38394.6437,10095.7147,3578.7873,1877.7588,861.5599,441.8256,552.282,NaN,NaN,NaN,NaN,NaN,NaN,NaN,NaN,NaN,NaN,NaN,NaN,NaN,NaN,NaN
PROTEIN,mAb_5,150s,ELN66236_02_54_mAb_5_PROTEIN_ECD_150_20220611_214542,4,16,2,10,4.1196,0,3.72,4.02,High,789.4366,8891.1467,56147.4556,243881.1635,574770.4906,843897.6165,890950,762939.2393,557409.6429,257802.4697,88911.4672,22499.7673,6376.067,2188.7991,842.8916,1074.007,421.4458,NaN,NaN,NaN,NaN,NaN,NaN,NaN,NaN,NaN,NaN,NaN,NaN,NaN,NaN,NaN
PROTEIN,mAb_5,1500s,ELN66236_02_57_mAb_5_PROTEIN_ECD_1500_20220611_230941,4,16,2,10,4.5925,0,3.72,4.02,High,789.4366,6585.7787,14119.84,60315.9892,211710.6011,416426.5309,570144,557807.6272,412972.6945,200670.5044,76280.1952,20053.1307,5872.3919,2235.8588,1035.2809,608.9888,713.3869,NaN,NaN,NaN,NaN,NaN,NaN,NaN,NaN,NaN,NaN,NaN,NaN,NaN,NaN,NaN
PROTEIN,mAb_6,0s,ELN66236_02_67_mAb_6_PROTEIN_ECD_0_20220613_181538,4,16,2,10,0.0008,0,3.72,3.99,High,789.4366,497761,457968.9823,211750.6511,58317.0666,12942.4696,4238.2031,1967.1946,1541.8552,736.7486,1572.2366,1124.1112,797.5113,759.5346,NaN,NaN,NaN,NaN,NaN,NaN,NaN,NaN,NaN,NaN,NaN,NaN,NaN,NaN,NaN,NaN,NaN,NaN
PROTEIN,mAb_6,15s,ELN66236_02_52_mAb_6_PROTEIN_ECD_15_20220611_210144,4,16,2,10,3.1436,0,3.72,3.99,High,789.4366,29458.4661,193176.6991,550496.9236,853106.2449,905427,693311.7231,477479.9732,235798.7032,82539.0949,25120.2783,9273.4586,4009.6065,2033.935,1191.1661,997.7437,1108.2708,NaN,NaN,NaN,NaN,NaN,NaN,NaN,NaN,NaN,NaN,NaN,NaN,NaN,NaN,NaN
PROTEIN,mAb_6,150s,ELN66236_02_55_mAb_6_PROTEIN_ECD_150_20220611_220720,4,16,2,10,4.284,0,3.72,3.99,High,789.4366,4974.8376,21799.2175,91390.6511,235414.6615,391998.9053,461140,427505.3132,301107.8489,141096.8075,45934.5681,14023.8349,4172.6714,2244.658,1161.03,964.0067,858.4585,NaN,NaN,NaN,NaN,NaN,NaN,NaN,NaN,NaN,NaN,NaN,NaN,NaN,NaN,NaN
PROTEIN,mAb_6,1500s,ELN66236_02_58_mAb_6_PROTEIN_ECD_1500_20220611_233054,4,16,2,10,4.6437,0,3.72,3.99,High,789.4366,4947.8382,7104.814,20243.2907,62825.2199,135563.7241,186682.5818,192323,131135.3209,67106.8901,22541.1301,8067.3827,3295.6242,1570.0436,968.4381,856.921,669.1027,NaN,NaN,NaN,NaN,NaN,NaN,NaN,NaN,NaN,NaN,NaN,NaN,NaN,NaN,NaN
PROTEIN,apo_PROTEIN,0s,ELN66236_02_10_PROTEIN-ECD_apo_0_20220610_182354,4,27,4,21,0.0056,0,8.69,8.86,Medium,682.858,501140.7721,675497,603752.9731,349036.4266,132237.7475,48197.9838,15598.3061,8527.9997,6023.5035,4508.4378,4570.2772,4559.9707,2684.1751,2436.8174,7085.0801,2323.4452,1725.6642,NaN,NaN,NaN,NaN,NaN,NaN,NaN,NaN,NaN,NaN,NaN,NaN,NaN,NaN
PROTEIN,apo_PROTEIN,15s,ELN66236_02_11_PROTEIN-ECD_apo_15_20220610_184553,4,27,4,21,4.6374,0,8.69,8.86,Medium,682.858,72159.208,94057.0527,110739.5763,104300.7075,157583.9725,213733.0218,266435,257939.2704,208257.5444,130202.5205,87061.2868,40989.2297,15595.5346,7136.3894,4912.8659,1490.1844,941.4172,1173.1189,2839.7453,1790.9902,1372.3011,1030.8459,2205.6143,1762.5356,1169.054,917.0276,1969.8476,1254.4178,620.2868,NaN,NaN
PROTEIN,apo_PROTEIN,150s,ELN66236_02_12_PROTEIN-ECD_apo_150_20220610_191541,4,27,4,21,6.5852,0,8.69,8.86,Medium,682.858,21370.5251,27611.5358,29887.0478,30940.9934,45195.664,68534.0133,104416.3809,133130.0819,148705.0547,150480,128673.2012,87126.1634,45682.4537,22357.8814,9754.1625,3689.9574,1669.3211,1012.6143,2006.8592,608.4871,916.1749,702.6304,1781.8338,1451.1843,991.9487,1086.092,1334.0792,1017.2067,583.2291,NaN,NaN
PROTEIN,apo_PROTEIN,1500s,ELN66236_02_13_PROTEIN-ECD_apo_1500_20220610_195632,4,27,4,21,7.7206,0,8.69,8.86,Medium,682.858,11069.0815,13489.7789,14126.8045,12351.4058,19337.1778,28753.575,44119.957,68025.7917,95348.4003,108443,101352.9874,88662.1131,55996.7622,34887.2218,17725.5857,7471.9549,3160.0359,1311.8343,1591.4637,792.2861,458.0545,489.4921,1783.3987,1134.7908,489.4921,535.8212,1381.328,1129.827,438.1991,NaN,NaN
PROTEIN,mAb_1,0s,ELN66236_02_63_mAb_1_PROTEIN_ECD_0_20220613_164825,4,27,4,21,0.0306,0,8.65,8.95,Medium,682.858,50018.4895,73532,63691.5095,30154.6331,14585.5433,4877.4411,4206.5241,1862.8022,812.6712,855.3047,1155.9832,2141.042,1465.6372,893.4505,5013.1952,857.5485,544.5287,NaN,NaN,NaN,NaN,NaN,NaN,NaN,NaN,NaN,NaN,NaN,NaN,NaN,NaN
PROTEIN,mAb_1,15s,ELN66236_02_06_mAb_1_PROTEIN_ECD_15_20220610_163142,4,27,4,21,4.8089,0,8.65,8.95,Medium,682.858,52007.2756,53532.7082,76871.0528,158415.8791,270275.7749,430910.7976,507678,484308.6822,382615.756,247572.382,149193.5937,68887.6973,31557.1866,13592.7011,10317.2798,3727.7207,3673.5175,4122.6296,6151.3776,4718.8647,3294.0952,2450.0741,7266.4146,4308.4691,2790.7798,3309.5818,9101.5797,4354.929,NaN,NaN,NaN
PROTEIN,mAb_1,150s,ELN66236_02_07_mAb_1_PROTEIN_ECD_150_20220610_165350,4,27,4,21,6.3729,0,8.65,8.95,Medium,682.858,29707.2966,33119.5261,39066.3611,47300.4403,79115.1603,112044.7,166823.352,191935.5993,222134,202670.3988,176904.1691,114514.9238,71369.0265,32346.9458,16773.3541,7390.57,3226.0913,2311.1936,3941.0669,2670.3756,1958.7886,2057.0553,3483.618,2263.7545,1606.3835,1596.218,4025.7796,2402.6834,2297.6396,NaN,NaN
PROTEIN,mAb_1,1500s,ELN66236_02_09_mAb_1_PROTEIN_ECD_1500_20220610_175621,4,27,4,21,8.353,0,8.65,8.95,Medium,682.858,16056.0059,17282.0463,18495.4036,14303.6136,12399.0232,19816.5678,39887.6953,60563.3876,99984.8154,124790.9956,138622,120102.4478,94435.9254,57456.0092,34985.6475,13937.9153,6774.0342,2774.6058,3928.7749,2186.9519,1525.3129,2108.739,2926.8039,1977.6795,1335.0652,1580.2733,2442.7293,2301.1005,1231.4859,NaN,NaN
PROTEIN,mAb_2,0s,ELN66236_02_65_mAb_2_PROTEIN_ECD_0_20220613_173205,4,27,4,21,0.0075,0,8.73,8.9,Medium,682.858,72498.8288,126163,103139.0476,45032.5355,16823.2858,5347.88,3446.2193,1404.0513,516.738,460.92,980.6046,1109.5634,657.2453,982.5294,3213.3236,1096.0901,595.6531,NaN,NaN,NaN,NaN,NaN,NaN,NaN,NaN,NaN,NaN,NaN,NaN,NaN,NaN
PROTEIN,mAb_2,15s,ELN66236_02_16_mAb_2_PROTEIN_ECD_15_20220610_210102,4,27,4,21,5.3079,0,8.73,8.9,Medium,682.858,23274.1879,20804.995,30201.6459,50526.762,102212.1527,177869.2916,244876.6342,249735,206752.7523,161343.2271,98778.9075,46327.6098,20538.2612,9224.9373,7856.9739,3322.4992,1120.0401,3440.6242,5147.7205,3231.0476,2347.0156,2484.193,4938.144,3002.4186,1981.2092,1093.3667,5041.027,4579.9586,NaN,NaN,NaN
PROTEIN,mAb_2,150s,ELN66236_02_18_mAb_2_PROTEIN_ECD_150_20220610_214348,4,27,4,21,6.6706,0,8.73,8.9,Medium,682.858,8258.0706,9445.1474,14932.9764,13192.6988,26039.2513,42089.7585,79156.1346,101216.9382,125892,113329.7313,94488.2491,57748.4152,30820.2126,17209.1673,10344.0987,3260.0548,1320.0103,1195.1559,2860.5209,2117.1573,981.9431,1187.4726,2259.2992,1859.7653,997.3098,1051.0932,2752.9541,1535.1439,1264.306,NaN,NaN
PROTEIN,mAb_2,1500s,ELN66236_02_20_mAb_2_PROTEIN_ECD_1500_20220610_224546,4,27,4,21,8.3392,0,8.73,8.9,Medium,682.858,6003.332,6959.341,7484.939,5055.6001,6621.358,9387.3004,22215.4791,38947.7062,57296.7336,73692.3572,90437,74455.2331,55936.5245,29862.1717,15960.7246,6600.6652,2878.7137,1678.5293,1714.3968,1043.949,813.5687,762.5264,2153.085,1253.6364,853.5749,849.4363,1874.4214,1184.6602,828.7435,NaN,NaN
PROTEIN,mAb_3,0s,ELN66236_02_64_mAb_3_PROTEIN_ECD_0_20220613_171016,4,27,4,21,0.0577,0,8.72,8.92,Medium,682.858,98861.4571,160498,136224.8771,57545.9721,21262.3914,8713.2383,5924.2655,2417.8485,958.4738,566.6954,1529.0011,2185.23,1306.1772,978.0627,5006.0348,1881.6017,987.8572,NaN,NaN,NaN,NaN,NaN,NaN,NaN,NaN,NaN,NaN,NaN,NaN,NaN,NaN
PROTEIN,mAb_3,15s,ELN66236_02_28_mAb_3_PROTEIN_ECD_15_20220611_023911,4,27,4,21,5.0921,0,8.72,8.92,Medium,682.858,30495.5361,27250.7442,38738.1785,70462.0079,159541.3448,257238.9795,356902,332386.3996,277851.03,180414.7207,112301.3126,43567.2564,23831.7353,8658.5222,7760.2158,4232.3212,2130.8285,3579.0074,5778.4972,5718.6101,4433.7597,3399.3461,5054.4078,3257.7948,2773.2537,3263.2391,7629.553,3758.6687,NaN,NaN,NaN
PROTEIN,mAb_3,150s,ELN66236_02_30_mAb_3_PROTEIN_ECD_150_20220611_032243,4,27,4,21,6.7538,0,8.72,8.92,Medium,682.858,18822.6869,20581.5691,20713.7394,23014.8589,41250.9763,71667.0986,137443.8694,191654.0413,222182,218864.1857,171679.3755,105797.5463,57826.4921,29206.5308,15637.0429,7466.2049,2894.4669,2240.3932,4497.4558,2880.911,1826.9373,1894.7169,3684.0999,1799.8254,2203.1144,1833.7152,4758.4075,2897.8559,2562.3466,NaN,NaN
PROTEIN,mAb_3,1500s,ELN66236_02_32_mAb_3_PROTEIN_ECD_1500_20220611_042454,4,27,4,21,8.2641,0,8.72,8.92,Medium,682.858,11456.3025,11735.9404,13664.5542,12754.6213,11234.3677,17071.2541,36794.6036,60415.1291,100973.7218,134872.0499,145465,112321.2504,83534.0818,48839.0076,25637.939,11409.6962,4412.0906,2088.4327,2627.7344,1791.0401,2174.9873,2046.2651,2270.4193,2159.4519,1262.8351,1027.5842,2292.6128,2119.5036,1227.3256,NaN,NaN
PROTEIN,mAb_4,0s,ELN66236_02_68_mAb_4_PROTEIN_ECD_0_20220613_183721,4,27,4,21,0.0043,0,8.72,8.88,Medium,682.858,129947.1683,193655,158768.2924,77368.9291,25942.9439,7565.9689,4115.1157,2082.4213,676.0805,537.2191,936.0763,1482.6583,1187.2086,1045.3927,6041.4481,1346.7514,563.8096,NaN,NaN,NaN,NaN,NaN,NaN,NaN,NaN,NaN,NaN,NaN,NaN,NaN,NaN
PROTEIN,mAb_4,15s,ELN66236_02_53_mAb_4_PROTEIN_ECD_15_20220611_212338,4,27,4,21,5.1174,0,8.72,8.88,Medium,682.858,30403.6908,25656.8671,28895.7014,36282.1256,77034.9815,115111.0943,162302,151000.7463,128660.7131,93058.2972,49467.747,21997.0834,10594.3065,4255.3035,5287.8677,2405.6023,1509.2276,2361.0312,4980.8222,3200.4538,2264.4604,1761.7973,4059.6859,2081.2236,2390.7453,2006.9384,4408.8263,1717.2262,NaN,NaN,NaN
PROTEIN,mAb_4,150s,ELN66236_02_56_mAb_4_PROTEIN_ECD_150_20220611_222847,4,27,4,21,6.605,0,8.72,8.88,Medium,682.858,15372.3459,15204.6224,17052.3534,15024.4236,19239.6899,33252.2278,58093.3289,75496.377,87453.2621,90841,65733.7591,43680.1952,21503.2644,9558.8546,6675.6734,2715.4577,1261.3918,1136.6387,2740.4083,1214.2629,1297.4315,1286.3424,2571.2986,1121.3911,1046.5393,1619.0171,2277.4359,1535.8484,1150.5002,NaN,NaN
PROTEIN,mAb_4,1500s,ELN66236_02_59_mAb_4_PROTEIN_ECD_1500_20220611_235156,4,27,4,21,8.2513,0,8.72,8.88,Medium,682.858,9666.5675,9321.3916,8869.8736,6849.3741,6438.824,7173.6303,17249.9779,27762.1537,40721.9406,55092.9391,57130,51185.3036,33728.6415,21944.7191,10810.1807,4596.1424,2817.0918,1215.859,1642.099,1119.9768,1162.688,1358.8107,1671.7353,1269.0301,651.0257,662.3572,1865.243,968.3086,610.9295,NaN,NaN
PROTEIN,mAb_5,0s,ELN66236_02_66_mAb_5_PROTEIN_ECD_0_20220613_175352,4,27,4,21,0.0023,0,8.72,8.9,Medium,682.858,113336.5967,173831,130127.7786,63039.9655,22423.9239,8444.0914,3948.5847,1399.8047,659.8364,490.0945,1291.0639,2341.3415,1375.9348,994.0156,5415.2603,1137.2353,964.8412,NaN,NaN,NaN,NaN,NaN,NaN,NaN,NaN,NaN,NaN,NaN,NaN,NaN,NaN
PROTEIN,mAb_5,15s,ELN66236_02_51_mAb_5_PROTEIN_ECD_15_20220611_203241,4,27,4,21,4.6207,0,8.72,8.9,Medium,682.858,25845.4063,23617.7569,29691.8141,42174.076,86957.2534,143252.4276,161284.0114,162232,116129.5592,76177.9057,51163.8787,21496.5397,10741.9437,4373.3417,4464.9229,2561.5203,1366.0151,2593.6974,4841.1481,4323.8384,2158.0682,2469.9391,2719.9309,2133.3165,1836.2966,3158.0352,6073.7807,2219.9474,NaN,NaN,NaN
PROTEIN,mAb_5,150s,ELN66236_02_54_mAb_5_PROTEIN_ECD_150_20220611_214542,4,27,4,21,5.6186,0,8.72,8.9,Medium,682.858,17623.1558,16374.4673,20080.3964,19726.6013,32922.5628,54713.6635,82449.4132,93408.1412,97453,82771.9911,58761.4953,37272.1611,19221.1798,8907.6075,4651.6609,2090.3629,1237.0925,1125.6024,2734.0321,1934.2769,1635.4836,1293.5808,2048.74,1387.2324,932.353,1012.6258,2490.2406,1507.6416,1403.5843,NaN,NaN
PROTEIN,mAb_5,1500s,ELN66236_02_57_mAb_5_PROTEIN_ECD_1500_20220611_230941,4,27,4,21,7.0833,0,8.72,8.9,Medium,682.858,8038.0298,9355.9891,9595.9189,9370.0539,13372.745,19559.6247,32887.3119,41920.2555,51307.3024,54227,52979.365,38806.1321,23635.9494,12224.3913,6966.6191,2919.2515,1640.1774,1099.9216,1778.3439,1229.8147,1017.1872,965.8919,1697.2641,1062.6912,674.6667,582.8315,1357.2257,936.9348,663.0839,NaN,NaN
PROTEIN,mAb_6,0s,ELN66236_02_67_mAb_6_PROTEIN_ECD_0_20220613_181538,4,27,4,21,0.0792,0,8.73,8.92,Medium,682.858,50665.9277,80275,69972.1452,28577.0087,11258.6103,3667.4198,2936.2258,1450.5668,367.8607,508.7105,1504.4572,2278.5185,1399.126,1025.5679,4692.5612,1228.8815,404.6042,NaN,NaN,NaN,NaN,NaN,NaN,NaN,NaN,NaN,NaN,NaN,NaN,NaN,NaN
PROTEIN,mAb_6,15s,ELN66236_02_52_mAb_6_PROTEIN_ECD_15_20220611_210144,4,27,4,21,4.7677,0,8.73,8.92,Medium,682.858,16154.8049,14298.7528,20785.0867,28689.596,46416.7876,90607.4944,99312,92516.5766,81996.9277,50986.4636,29310.8053,11121.4946,8371.5072,3333.6515,3574.5595,2727.5937,2589.7155,3020.0166,5194.249,3936.679,2144.263,2738.1997,3829.1038,2292.7472,2642.7456,2868.5021,4827.584,2382.1407,NaN,NaN,NaN
PROTEIN,mAb_6,150s,ELN66236_02_55_mAb_6_PROTEIN_ECD_150_20220611_220720,4,27,4,21,6.2324,0,8.73,8.92,Medium,682.858,7450.3342,7980.7684,8756.7469,10036.2006,16933.3014,24886.8987,39054.8814,42794.1505,47783,44354.1223,34747.2901,19659.0624,10998.7053,5147.1718,3579.1852,1995.1691,1133.9422,1579.8566,2675.6986,2519.7742,1855.2744,1557.2695,2483.3433,1281.1231,860.7104,1338.684,2430.8828,1259.2646,1697.8928,NaN,NaN
PROTEIN,mAb_6,1500s,ELN66236_02_58_mAb_6_PROTEIN_ECD_1500_20220611_233054,4,27,4,21,6.8239,0,8.73,8.92,Medium,682.858,2689.8513,3891.1105,4434.1499,3677.0182,7066.0526,9230.076,15955.1098,17103.9846,19146.9711,21338,20822.9423,14575.8743,9610.106,5107.0111,3993.9268,1877.0818,809.8743,969.9554,2136.0748,1717.9768,1371.1343,1366.9046,2131.845,1006.0713,673.8705,1103.031,1067.8912,783.8449,745.1261,NaN,NaN
PROTEIN,apo_PROTEIN,0s,ELN66236_02_10_PROTEIN-ECD_apo_0_20220610_182354,5,13,2,6,0.0713,0,4.14,4.33,Medium,536.8042,1177376,814837.4578,290108.7294,57872.0726,9347.9595,3922.4571,1640.8716,1892.385,2107.9678,2090.0026,4407.5185,NaN,NaN,NaN,NaN,NaN,NaN,NaN,NaN,NaN,NaN,NaN,NaN,NaN,NaN,NaN,NaN,NaN,NaN,NaN,NaN
PROTEIN,apo_PROTEIN,15s,ELN66236_02_11_PROTEIN-ECD_apo_15_20220610_184553,5,13,2,6,2.7652,0,4.14,4.33,Medium,536.8042,47009.0356,178020.7469,369768.5127,574642,541946.0643,304157.4408,113838.8618,33953.4581,8333.3122,3651.1911,2151.8601,NaN,NaN,NaN,NaN,NaN,NaN,NaN,NaN,NaN,NaN,NaN,NaN,NaN,NaN,NaN,NaN,NaN,NaN,NaN,NaN
PROTEIN,apo_PROTEIN,150s,ELN66236_02_12_PROTEIN-ECD_apo_150_20220610_191541,5,13,2,6,3.1715,0,4.14,4.33,Medium,536.8042,11961.6904,57465.4405,164282.1025,367174.5686,404077,244838.5381,97987.2081,32173.2477,7793.5962,4143.4309,2170.3686,NaN,NaN,NaN,NaN,NaN,NaN,NaN,NaN,NaN,NaN,NaN,NaN,NaN,NaN,NaN,NaN,NaN,NaN,NaN,NaN
PROTEIN,apo_PROTEIN,1500s,ELN66236_02_13_PROTEIN-ECD_apo_1500_20220610_195632,5,13,2,6,3.1855,0,4.14,4.33,Medium,536.8042,10587.1724,37136.28,138067.5164,281219,275172.8237,206961.3134,76318.4202,28322.3367,5673.8496,2592.8314,1498.598,NaN,NaN,NaN,NaN,NaN,NaN,NaN,NaN,NaN,NaN,NaN,NaN,NaN,NaN,NaN,NaN,NaN,NaN,NaN,NaN
PROTEIN,mAb_1,0s,ELN66236_02_63_mAb_1_PROTEIN_ECD_0_20220613_164825,5,13,2,6,0.0336,0,3.72,3.84,Low,536.8042,439321,252196.4651,111501.1245,33524.7474,7528.1526,3418.8405,1836.7888,NaN,NaN,NaN,NaN,NaN,NaN,NaN,NaN,NaN,NaN,NaN,NaN,NaN,NaN,NaN,NaN,NaN,NaN,NaN,NaN,NaN,NaN,NaN,NaN
PROTEIN,mAb_1,15s,ELN66236_02_06_mAb_1_PROTEIN_ECD_15_20220610_163142,5,13,2,6,0.313,0,3.72,3.84,Medium,536.8042,725955,565211.382,310177.2481,87189.9261,21467.93,5040.2003,3057.3523,NaN,NaN,NaN,NaN,NaN,NaN,NaN,NaN,NaN,NaN,NaN,NaN,NaN,NaN,NaN,NaN,NaN,NaN,NaN,NaN,NaN,NaN,NaN,NaN
PROTEIN,mAb_1,150s,ELN66236_02_07_mAb_1_PROTEIN_ECD_150_20220610_165350,5,13,2,6,0.2881,0,3.72,3.84,Medium,536.8042,548731,505216.0079,226927.7113,70509.8612,19032.0525,5919.7805,2143.5132,NaN,NaN,NaN,NaN,NaN,NaN,NaN,NaN,NaN,NaN,NaN,NaN,NaN,NaN,NaN,NaN,NaN,NaN,NaN,NaN,NaN,NaN,NaN,NaN
PROTEIN,mAb_1,1500s,ELN66236_02_09_mAb_1_PROTEIN_ECD_1500_20220610_175621,5,13,2,6,0.1774,0,3.72,3.84,Low,536.8042,527614,445205.258,227847.7732,63207.4085,13235.6362,4943.2364,2584.3304,NaN,NaN,NaN,NaN,NaN,NaN,NaN,NaN,NaN,NaN,NaN,NaN,NaN,NaN,NaN,NaN,NaN,NaN,NaN,NaN,NaN,NaN,NaN,NaN
PROTEIN,mAb_2,0s,ELN66236_02_65_mAb_2_PROTEIN_ECD_0_20220613_173205,5,13,2,6,0.0122,0,3.7,3.85,Low,536.8042,910501,607125.7069,304542.3349,115273.1639,24563.4511,8099.8258,3403.8719,NaN,NaN,NaN,NaN,NaN,NaN,NaN,NaN,NaN,NaN,NaN,NaN,NaN,NaN,NaN,NaN,NaN,NaN,NaN,NaN,NaN,NaN,NaN,NaN
PROTEIN,mAb_2,15s,ELN66236_02_16_mAb_2_PROTEIN_ECD_15_20220610_210102,5,13,2,6,0.3918,0,3.7,3.85,Medium,536.8042,1023881,896380.1161,464305.0708,178150.6547,43447.4785,11419.9314,4420.7406,NaN,NaN,NaN,NaN,NaN,NaN,NaN,NaN,NaN,NaN,NaN,NaN,NaN,NaN,NaN,NaN,NaN,NaN,NaN,NaN,NaN,NaN,NaN,NaN
PROTEIN,mAb_2,150s,ELN66236_02_18_mAb_2_PROTEIN_ECD_150_20220610_214348,5,13,2,6,0.2318,0,3.7,3.85,Medium,536.8042,917888,789887.4742,486630.2923,143147.9754,33593.3071,9419.0093,4068.7302,NaN,NaN,NaN,NaN,NaN,NaN,NaN,NaN,NaN,NaN,NaN,NaN,NaN,NaN,NaN,NaN,NaN,NaN,NaN,NaN,NaN,NaN,NaN,NaN
PROTEIN,mAb_2,1500s,ELN66236_02_20_mAb_2_PROTEIN_ECD_1500_20220610_224546,5,13,2,6,0.2671,0,3.7,3.85,Medium,536.8042,905308,793318.5811,539888.474,193366.3854,39285.9638,8701.9533,3728.9435,NaN,NaN,NaN,NaN,NaN,NaN,NaN,NaN,NaN,NaN,NaN,NaN,NaN,NaN,NaN,NaN,NaN,NaN,NaN,NaN,NaN,NaN,NaN,NaN
PROTEIN,mAb_3,0s,ELN66236_02_64_mAb_3_PROTEIN_ECD_0_20220613_171016,5,13,2,6,0.1886,0,3.69,3.96,Medium,536.8042,1238454,1023005.631,536002.7451,166786.867,35998.5012,14153.1969,5158.0716,NaN,NaN,NaN,NaN,NaN,NaN,NaN,NaN,NaN,NaN,NaN,NaN,NaN,NaN,NaN,NaN,NaN,NaN,NaN,NaN,NaN,NaN,NaN,NaN
PROTEIN,mAb_3,15s,ELN66236_02_28_mAb_3_PROTEIN_ECD_15_20220611_023911,5,13,2,6,0.2681,0,3.69,3.96,Medium,536.8042,1164732,853698.4792,408775.886,141264.3108,44250.7129,19868.4714,7624.0367,NaN,NaN,NaN,NaN,NaN,NaN,NaN,NaN,NaN,NaN,NaN,NaN,NaN,NaN,NaN,NaN,NaN,NaN,NaN,NaN,NaN,NaN,NaN,NaN
PROTEIN,mAb_3,150s,ELN66236_02_30_mAb_3_PROTEIN_ECD_150_20220611_032243,5,13,2,6,0.3216,0,3.69,3.96,Medium,536.8042,1264999,898028.671,597669.6721,164454.7518,44087.2486,20828.2939,8764.5208,NaN,NaN,NaN,NaN,NaN,NaN,NaN,NaN,NaN,NaN,NaN,NaN,NaN,NaN,NaN,NaN,NaN,NaN,NaN,NaN,NaN,NaN,NaN,NaN
PROTEIN,mAb_3,1500s,ELN66236_02_32_mAb_3_PROTEIN_ECD_1500_20220611_042454,5,13,2,6,0.2431,0,3.69,3.96,Medium,536.8042,1286827,856687.9773,616240.5188,210134.4611,42630.1929,16496.3069,7955.1797,NaN,NaN,NaN,NaN,NaN,NaN,NaN,NaN,NaN,NaN,NaN,NaN,NaN,NaN,NaN,NaN,NaN,NaN,NaN,NaN,NaN,NaN,NaN,NaN
PROTEIN,mAb_4,0s,ELN66236_02_68_mAb_4_PROTEIN_ECD_0_20220613_183721,5,13,2,6,0.1296,0,3.72,3.89,Medium,536.8042,944218,779926.5827,432253.4975,117631.7593,26373.1575,10510.2398,3623.3418,NaN,NaN,NaN,NaN,NaN,NaN,NaN,NaN,NaN,NaN,NaN,NaN,NaN,NaN,NaN,NaN,NaN,NaN,NaN,NaN,NaN,NaN,NaN,NaN
PROTEIN,mAb_4,15s,ELN66236_02_53_mAb_4_PROTEIN_ECD_15_20220611_212338,5,13,2,6,0.2992,0,3.72,3.89,Low,536.8042,747603,489903.2705,211167.7597,82123.9642,24275.5655,11943.852,5373.0222,NaN,NaN,NaN,NaN,NaN,NaN,NaN,NaN,NaN,NaN,NaN,NaN,NaN,NaN,NaN,NaN,NaN,NaN,NaN,NaN,NaN,NaN,NaN,NaN
PROTEIN,mAb_4,150s,ELN66236_02_56_mAb_4_PROTEIN_ECD_150_20220611_222847,5,13,2,6,0.24,0,3.72,3.89,Medium,536.8042,884974,585769.4693,327873.178,87801.9524,22821.4856,9493.1979,4523.7856,NaN,NaN,NaN,NaN,NaN,NaN,NaN,NaN,NaN,NaN,NaN,NaN,NaN,NaN,NaN,NaN,NaN,NaN,NaN,NaN,NaN,NaN,NaN,NaN
PROTEIN,mAb_4,1500s,ELN66236_02_59_mAb_4_PROTEIN_ECD_1500_20220611_235156,5,13,2,6,0.2126,0,3.72,3.89,Medium,536.8042,907201,585863.4428,396297.4018,114730.7834,23893.0179,10742.1679,4208.272,NaN,NaN,NaN,NaN,NaN,NaN,NaN,NaN,NaN,NaN,NaN,NaN,NaN,NaN,NaN,NaN,NaN,NaN,NaN,NaN,NaN,NaN,NaN,NaN
PROTEIN,mAb_5,0s,ELN66236_02_66_mAb_5_PROTEIN_ECD_0_20220613_175352,5,13,2,6,0.1131,0,3.69,3.92,Medium,536.8042,968952,593733.2262,345060.9684,116304.3734,24015.1628,9392.6012,6450.3467,NaN,NaN,NaN,NaN,NaN,NaN,NaN,NaN,NaN,NaN,NaN,NaN,NaN,NaN,NaN,NaN,NaN,NaN,NaN,NaN,NaN,NaN,NaN,NaN
PROTEIN,mAb_5,15s,ELN66236_02_51_mAb_5_PROTEIN_ECD_15_20220611_203241,5,13,2,6,0.2861,0,3.69,3.92,Medium,536.8042,930338,656568.9816,334917.0024,99619.0258,29476.8054,12143.5427,5939.9098,NaN,NaN,NaN,NaN,NaN,NaN,NaN,NaN,NaN,NaN,NaN,NaN,NaN,NaN,NaN,NaN,NaN,NaN,NaN,NaN,NaN,NaN,NaN,NaN
PROTEIN,mAb_5,150s,ELN66236_02_54_mAb_5_PROTEIN_ECD_150_20220611_214542,5,13,2,6,0.0959,0,3.69,3.92,Low,536.8042,814444,488878.0693,293478.8583,83862.4689,25987.1191,10353.1938,6562.7747,NaN,NaN,NaN,NaN,NaN,NaN,NaN,NaN,NaN,NaN,NaN,NaN,NaN,NaN,NaN,NaN,NaN,NaN,NaN,NaN,NaN,NaN,NaN,NaN
PROTEIN,mAb_5,1500s,ELN66236_02_57_mAb_5_PROTEIN_ECD_1500_20220611_230941,5,13,2,6,0.1617,0,3.69,3.92,Low,536.8042,695563,473336.1704,250568.0489,70806.0939,16347.8905,8759.1913,4694.1958,NaN,NaN,NaN,NaN,NaN,NaN,NaN,NaN,NaN,NaN,NaN,NaN,NaN,NaN,NaN,NaN,NaN,NaN,NaN,NaN,NaN,NaN,NaN,NaN
PROTEIN,mAb_6,0s,ELN66236_02_67_mAb_6_PROTEIN_ECD_0_20220613_181538,5,13,2,6,0.1124,0,3.7,3.93,Medium,536.8042,1056358,756241.9372,441377.1663,139068.9458,30960.1089,7442.7699,18645.3406,NaN,NaN,NaN,NaN,NaN,NaN,NaN,NaN,NaN,NaN,NaN,NaN,NaN,NaN,NaN,NaN,NaN,NaN,NaN,NaN,NaN,NaN,NaN,NaN
PROTEIN,mAb_6,15s,ELN66236_02_52_mAb_6_PROTEIN_ECD_15_20220611_210144,5,13,2,6,0.2627,0,3.7,3.93,Medium,536.8042,1052923,750993.0303,436547.579,122825.1016,31071.6797,10410.6921,6956.4834,NaN,NaN,NaN,NaN,NaN,NaN,NaN,NaN,NaN,NaN,NaN,NaN,NaN,NaN,NaN,NaN,NaN,NaN,NaN,NaN,NaN,NaN,NaN,NaN
PROTEIN,mAb_6,150s,ELN66236_02_55_mAb_6_PROTEIN_ECD_150_20220611_220720,5,13,2,6,0.1334,0,3.7,3.93,Medium,536.8042,1020225,641827.6737,417252.0441,127666.8603,27568.3369,9712.5039,5587.1371,NaN,NaN,NaN,NaN,NaN,NaN,NaN,NaN,NaN,NaN,NaN,NaN,NaN,NaN,NaN,NaN,NaN,NaN,NaN,NaN,NaN,NaN,NaN,NaN
PROTEIN,mAb_6,1500s,ELN66236_02_58_mAb_6_PROTEIN_ECD_1500_20220611_233054,5,13,2,6,0.1831,0,3.7,3.93,Medium,536.8042,861397,564958.6611,392508.3881,121674.7086,29022.1191,6992.6483,4403.2654,NaN,NaN,NaN,NaN,NaN,NaN,NaN,NaN,NaN,NaN,NaN,NaN,NaN,NaN,NaN,NaN,NaN,NaN,NaN,NaN,NaN,NaN,NaN,NaN
